Roll,dsa_score,resume_score,communication_score,development_score,college_tier,cgpa,placed
1,88,46,80,45,2,7.7,0
2,78,43,52,80,1,7.6,1
3,64,68,57,42,2,7.5,0
4,92,53,73,72,1,9.3,0
5,57,42,64,40,3,7.7,1
6,70,63,92,90,1,8.6,1
7,88,76,80,44,2,8.4,0
8,68,55,58,52,2,8.7,0
9,72,43,88,58,1,9.6,1
10,60,63,94,51,3,9.6,1
11,60,73,51,87,1,8.4,1
12,73,69,57,64,2,7.0,0
13,85,57,56,90,1,8.3,0
14,89,58,93,74,2,8.8,0
15,73,70,88,51,1,8.7,0
16,52,58,91,69,2,9.0,0
17,71,88,65,44,1,7.5,0
18,51,85,84,73,3,8.9,1
19,73,58,79,61,1,7.5,0
20,93,61,59,78,3,9.3,1
21,79,63,87,52,3,8.0,0
22,87,84,67,86,1,9.1,0
23,51,51,54,93,2,7.1,0
24,70,69,78,42,1,8.2,0
25,82,77,88,92,1,9.1,0
26,61,70,83,59,3,7.7,1
27,71,75,92,70,2,9.4,1
28,93,58,94,44,2,8.9,0
29,74,87,72,63,1,8.8,0
30,98,84,54,79,1,8.1,1
31,76,75,79,93,1,8.4,1
32,91,69,55,72,3,8.8,0
33,77,88,93,47,2,8.4,1
34,65,72,53,63,3,9.1,1
35,64,57,78,89,1,8.3,1
36,96,88,72,59,1,7.6,1
37,93,67,55,55,1,7.6,1
38,52,86,81,89,1,7.0,1
39,86,50,91,91,1,7.9,0
40,56,84,67,51,3,9.2,1
41,70,72,64,52,3,9.4,1
42,58,56,89,84,2,7.6,1
43,88,45,81,81,2,9.9,1
44,67,43,58,78,1,8.5,0
45,53,59,86,64,3,9.8,0
46,74,87,59,85,1,9.1,0
47,63,86,69,71,3,9.2,0
48,99,66,55,63,2,7.3,0
49,58,54,52,87,1,7.7,1
50,75,45,91,86,3,7.0,0
51,51,86,60,83,1,9.1,1
52,69,53,92,48,2,8.0,1
53,77,50,66,79,2,9.4,0
54,96,78,81,89,1,8.0,0
55,56,48,53,62,2,9.5,1
56,93,65,53,89,2,7.4,1
57,57,55,66,52,3,7.5,1
58,96,44,90,71,1,8.0,1
59,84,49,68,89,3,8.2,1
60,63,89,54,54,1,8.0,1
61,66,42,81,75,1,9.3,1
62,85,52,71,88,1,7.3,1
63,99,82,55,44,1,8.1,1
64,89,88,84,61,1,9.5,0
65,53,69,71,55,3,7.2,1
66,51,84,50,80,1,9.8,0
67,55,45,69,49,1,10.0,1
68,91,56,71,63,1,7.3,0
69,53,84,60,57,3,7.9,0
70,78,58,62,88,3,8.1,0
71,67,81,91,57,1,9.3,0
72,75,74,52,46,1,8.8,0
73,93,85,58,43,1,8.9,1
74,83,65,61,65,1,9.3,0
75,59,44,72,44,1,7.4,0
76,85,68,63,94,2,9.5,0
77,63,76,82,55,1,9.1,1
78,80,59,67,74,2,8.7,0
79,97,88,90,65,1,9.7,0
80,64,60,58,57,3,9.1,0
81,57,49,72,68,3,7.6,1
82,63,44,59,62,2,8.3,0
83,72,75,68,92,1,8.5,0
84,89,45,54,53,1,7.2,0
85,70,65,72,54,2,9.9,1
86,65,43,79,88,3,7.4,0
87,94,78,74,72,2,9.1,1
88,67,78,77,64,3,8.5,0
89,96,89,83,60,3,7.1,0
90,73,74,94,56,1,9.8,0
91,75,40,74,62,2,9.6,0
92,74,63,59,82,1,8.6,0
93,94,75,63,56,1,7.7,0
94,90,45,91,53,2,7.4,0
95,78,80,79,68,1,8.1,1
96,64,85,90,59,3,7.8,1
97,94,83,74,69,1,8.5,0
98,50,70,63,58,2,9.9,1
99,74,59,84,92,2,8.7,1
100,56,63,83,78,2,9.7,1
101,58,64,59,52,1,9.0,0
102,73,75,84,57,3,8.4,1
103,50,60,60,62,2,9.6,0
104,93,69,60,85,2,8.4,1
105,57,63,70,72,1,9.6,0
106,73,83,70,78,2,7.9,0
107,60,81,71,79,3,7.4,0
108,66,69,94,57,2,9.6,0
109,57,61,56,48,3,8.8,1
110,84,67,66,72,2,9.7,0
111,84,46,51,71,1,9.8,1
112,82,74,61,93,1,7.2,0
113,54,67,91,56,1,8.5,0
114,91,53,67,58,2,8.1,1
115,88,49,60,66,3,8.9,1
116,90,55,65,45,1,9.4,0
117,77,55,67,74,2,7.8,0
118,56,70,84,76,2,8.7,1
119,58,81,75,73,2,9.1,0
120,57,64,65,59,1,7.4,1
121,61,52,55,64,1,9.4,1
122,83,45,93,43,1,8.8,0
123,82,83,92,49,1,9.8,0
124,97,48,91,49,1,8.0,0
125,72,84,61,63,1,7.3,0
126,73,75,62,60,2,8.5,1
127,86,82,53,50,1,7.3,1
128,84,59,88,66,3,9.9,1
129,93,57,51,55,1,7.1,1
130,89,82,75,65,1,9.3,0
131,71,60,76,69,1,8.6,1
132,76,43,76,88,1,8.1,0
133,84,89,64,55,3,7.2,1
134,50,72,57,46,1,8.9,0
135,84,66,56,55,3,8.8,1
136,86,46,89,74,3,7.8,1
137,96,45,61,55,2,9.7,0
138,63,54,62,79,2,7.9,0
139,52,57,92,51,2,8.3,1
140,50,71,66,74,1,8.6,0
141,54,50,66,88,2,7.3,1
142,75,59,85,60,1,9.8,1
143,63,63,70,89,1,8.1,0
144,88,54,57,82,2,7.2,0
145,76,87,54,75,2,8.2,1
146,58,46,75,87,3,8.8,0
147,64,60,65,56,1,8.5,0
148,64,81,85,71,3,9.1,1
149,75,65,77,80,1,7.2,1
150,91,83,78,45,1,7.9,0
151,62,53,61,63,1,9.5,0
152,81,76,86,66,2,7.2,1
153,88,60,79,59,1,9.6,1
154,98,57,72,64,2,7.3,1
155,81,44,65,41,3,9.5,0
156,53,42,63,48,2,8.1,1
157,79,62,59,67,2,8.8,1
158,86,65,56,92,3,7.5,1
159,72,76,94,77,3,7.2,1
160,88,63,86,42,2,7.6,0
161,94,88,78,59,1,7.4,1
162,64,58,52,45,3,7.9,0
163,92,64,64,78,2,8.5,0
164,78,60,85,72,1,8.8,1
165,85,51,68,94,1,9.4,1
166,62,80,62,40,3,9.0,1
167,81,72,91,76,1,8.8,1
168,56,89,70,45,3,8.2,0
169,71,43,86,84,1,8.4,1
170,77,81,76,73,3,8.2,0
171,51,46,78,86,1,9.5,1
172,91,61,69,54,2,7.7,0
173,94,72,74,84,3,7.0,1
174,55,56,55,65,2,9.0,0
175,77,63,85,53,2,7.6,1
176,77,73,51,93,1,9.7,1
177,93,67,71,46,1,9.6,0
178,93,82,81,85,1,7.2,1
179,69,80,65,70,2,7.3,1
180,79,78,67,63,1,8.5,1
181,60,61,54,70,1,8.8,1
182,77,88,85,68,2,7.8,0
183,74,56,79,81,2,9.2,0
184,88,73,94,71,3,8.8,0
185,82,45,68,56,1,8.0,0
186,50,85,72,53,1,7.1,0
187,76,45,83,79,3,9.3,1
188,62,73,62,75,1,7.6,0
189,90,40,92,87,3,9.5,0
190,52,49,78,63,3,8.3,0
191,88,60,85,84,3,8.7,1
192,55,44,71,93,1,9.6,1
193,57,41,85,66,3,9.6,0
194,76,61,58,64,3,8.1,1
195,58,87,88,71,2,7.6,0
196,86,41,68,91,1,9.3,1
197,82,49,87,57,1,8.3,1
198,91,73,55,85,1,7.6,0
199,93,55,64,57,2,9.7,1
200,73,87,69,76,2,7.6,1
201,64,78,58,65,1,7.1,0
202,81,61,81,48,2,7.1,1
203,81,51,53,74,1,8.9,0
204,73,63,67,47,2,9.0,0
205,90,86,54,59,3,7.9,0
206,98,79,69,93,1,8.0,0
207,98,77,72,81,1,8.0,0
208,61,49,60,61,1,9.0,1
209,88,74,86,58,2,7.2,0
210,51,88,71,69,3,9.8,0
211,52,71,53,92,3,7.7,1
212,98,46,78,67,1,10.0,1
213,86,60,93,74,3,7.5,1
214,98,59,83,82,1,9.3,1
215,66,65,62,50,2,7.7,1
216,98,43,91,70,1,7.2,1
217,51,85,58,88,3,9.6,1
218,51,61,91,87,2,9.6,1
219,77,54,80,78,2,8.2,0
220,72,79,56,75,3,9.1,0
221,86,60,53,69,1,8.7,1
222,81,54,68,62,1,9.6,0
223,82,61,91,58,3,7.9,0
224,50,67,79,51,1,8.6,1
225,68,53,80,54,1,8.5,1
226,51,66,84,70,2,8.1,0
227,93,80,70,82,2,9.7,1
228,75,79,80,76,1,7.5,1
229,81,67,68,76,1,7.4,1
230,55,65,80,54,1,8.7,1
231,81,88,81,68,2,9.0,1
232,53,41,51,89,3,7.6,1
233,60,64,59,82,3,8.2,0
234,66,42,51,65,2,9.8,1
235,87,47,51,83,1,7.7,1
236,73,83,73,41,3,9.0,1
237,54,72,66,59,2,9.2,1
238,83,81,81,54,1,8.3,0
239,55,74,65,91,3,9.8,1
240,71,45,65,43,3,9.2,0
241,60,78,88,61,3,8.4,0
242,97,62,80,89,3,8.7,0
243,65,64,92,77,1,9.1,0
244,82,89,73,62,1,8.8,1
245,58,82,50,65,2,9.6,0
246,55,58,60,90,1,8.1,0
247,65,44,70,50,2,7.9,1
248,78,50,53,67,3,7.6,0
249,52,51,56,41,3,7.1,0
250,69,49,75,47,2,7.1,0
251,85,47,61,68,3,9.6,0
252,68,63,80,50,3,9.0,0
253,75,67,66,76,2,9.0,0
254,52,80,82,57,1,8.8,1
255,68,75,60,94,1,9.5,0
256,69,76,77,89,1,8.4,0
257,81,60,81,53,1,9.6,1
258,56,47,50,93,1,8.1,0
259,90,48,77,49,1,9.8,1
260,82,86,91,74,2,9.1,0
261,89,54,56,48,3,7.8,0
262,88,87,51,74,1,8.7,1
263,67,85,91,50,3,8.6,0
264,89,79,73,83,2,7.4,0
265,50,57,53,51,1,8.8,1
266,60,81,93,42,3,7.9,0
267,77,59,68,92,2,7.2,1
268,74,45,75,78,1,9.8,1
269,99,51,60,53,3,8.9,0
270,72,41,89,67,1,9.6,1
271,80,46,92,50,2,9.0,1
272,79,55,60,78,1,8.1,1
273,91,42,94,64,3,8.5,1
274,84,84,52,60,2,9.0,1
275,56,42,61,49,2,9.9,0
276,65,66,52,82,1,7.8,1
277,75,89,91,54,2,9.6,0
278,97,82,76,58,3,9.8,0
279,98,79,51,87,2,9.0,1
280,51,77,65,61,2,9.8,0
281,50,72,51,60,2,8.2,1
282,97,67,79,91,3,9.9,0
283,61,40,69,83,2,9.1,1
284,54,47,87,71,3,7.1,0
285,86,76,77,89,3,9.7,0
286,81,71,74,62,2,8.5,0
287,58,87,81,52,1,8.4,1
288,90,82,59,44,2,8.7,0
289,84,76,91,43,3,7.4,1
290,68,43,89,67,1,8.4,0
291,97,69,82,53,2,9.5,0
292,65,45,62,47,3,7.0,0
293,52,85,90,48,1,7.8,0
294,69,58,91,90,2,7.0,1
295,73,71,86,74,1,8.2,1
296,82,48,65,76,1,9.2,0
297,73,51,94,60,3,9.4,1
298,60,50,71,57,1,9.8,1
299,98,85,69,72,1,8.8,0
300,57,55,92,47,3,7.8,0
301,85,40,76,90,1,9.8,1
302,87,84,90,88,3,9.3,0
303,89,60,65,56,3,8.7,0
304,69,69,83,82,1,9.1,0
305,84,52,81,70,1,9.8,1
306,97,73,75,73,3,9.1,0
307,74,43,74,45,2,8.1,0
308,84,67,51,61,1,9.1,0
309,74,77,61,53,3,7.1,0
310,78,70,89,42,1,8.2,0
311,67,66,58,51,3,8.2,1
312,95,44,61,75,1,7.5,0
313,67,64,75,51,1,7.1,1
314,51,42,58,84,1,7.4,0
315,84,72,59,41,3,9.0,1
316,65,43,81,41,2,9.4,1
317,90,64,83,54,3,10.0,0
318,85,59,69,62,1,8.0,1
319,82,73,88,68,1,8.8,0
320,53,65,51,56,1,9.8,1
321,82,44,50,71,2,7.5,0
322,63,74,85,46,2,9.2,1
323,70,67,73,69,2,9.3,1
324,97,68,76,67,1,7.3,1
325,69,48,51,53,3,9.6,1
326,57,77,80,83,1,9.4,0
327,56,89,63,69,3,7.1,1
328,52,45,51,56,1,7.3,1
329,66,58,78,71,2,7.1,1
330,82,83,64,85,1,8.0,0
331,97,50,61,45,2,8.5,1
332,61,41,86,90,2,8.6,0
333,71,86,77,63,2,7.8,1
334,71,83,69,45,2,9.7,0
335,95,83,88,66,3,8.1,0
336,79,48,73,57,2,7.1,1
337,87,60,70,63,3,7.9,0
338,87,63,59,76,1,8.6,1
339,94,73,63,63,2,8.2,1
340,57,61,86,77,2,7.8,0
341,76,42,67,73,1,7.4,0
342,76,51,73,79,2,9.5,1
343,83,67,63,86,1,10.0,0
344,70,69,83,54,1,8.0,1
345,79,65,61,50,1,8.1,1
346,82,87,71,61,1,8.9,0
347,77,60,55,93,2,9.2,0
348,96,67,85,63,2,8.2,0
349,82,65,94,40,3,9.7,1
350,54,72,85,57,3,8.7,0
351,97,60,71,83,1,8.4,0
352,68,74,63,51,3,8.9,1
353,53,73,65,82,3,9.9,1
354,84,80,85,67,2,9.4,0
355,98,86,74,79,2,7.1,0
356,66,57,81,46,3,8.0,1
357,93,50,82,62,2,8.4,1
358,77,62,94,60,3,7.9,1
359,79,87,85,73,1,9.1,1
360,78,61,69,50,1,9.5,1
361,95,56,67,61,2,9.2,1
362,55,44,87,81,2,10.0,1
363,84,83,52,74,3,7.8,1
364,90,50,72,91,3,9.6,1
365,86,69,81,68,1,9.3,0
366,73,54,94,81,1,8.1,0
367,78,66,65,67,3,9.2,1
368,98,74,54,57,2,7.3,0
369,95,72,53,53,1,9.4,1
370,80,59,70,57,2,8.6,0
371,84,55,89,67,3,7.9,1
372,82,73,63,63,3,9.0,0
373,70,41,88,47,2,8.9,1
374,81,74,80,81,1,7.6,1
375,72,79,63,93,3,7.1,0
376,82,67,55,84,2,8.3,1
377,52,86,61,92,2,8.7,0
378,67,78,65,47,1,9.6,0
379,74,45,66,43,3,9.8,0
380,91,48,94,66,1,8.6,0
381,80,59,72,75,1,9.3,1
382,52,40,63,44,2,8.3,0
383,89,47,56,72,1,9.2,1
384,95,62,81,88,2,7.6,0
385,73,42,64,73,1,8.1,1
386,99,43,93,69,2,8.9,0
387,81,64,66,47,1,7.1,1
388,96,86,90,78,1,9.2,1
389,71,77,93,86,1,9.5,1
390,72,54,83,65,3,8.2,0
391,51,60,54,76,3,8.3,1
392,76,74,94,73,1,9.6,0
393,91,85,76,46,3,9.3,0
394,51,53,72,79,2,7.9,0
395,75,75,89,67,3,8.0,0
396,66,51,63,78,1,9.0,0
397,89,56,64,78,2,8.7,1
398,82,78,92,67,1,7.5,0
399,58,48,82,53,1,7.9,0
400,92,74,80,92,3,9.7,0
401,97,52,84,89,2,9.1,1
402,88,54,66,77,1,10.0,1
403,78,57,77,43,1,9.3,0
404,91,72,68,81,3,9.8,1
405,75,45,72,57,2,7.6,1
406,84,66,81,83,1,9.3,0
407,99,62,89,87,3,7.1,1
408,74,66,62,64,1,9.0,1
409,73,73,69,46,1,8.4,1
410,62,85,84,77,3,8.0,0
411,56,77,54,67,1,9.6,0
412,85,53,58,44,1,9.6,0
413,94,75,78,42,2,7.1,1
414,69,47,55,83,3,8.8,1
415,50,74,74,70,1,8.1,0
416,57,58,80,86,3,8.2,0
417,95,69,71,81,3,9.5,1
418,65,53,51,59,1,7.9,1
419,63,59,94,58,3,9.8,1
420,61,88,54,87,1,7.5,1
421,72,64,76,50,2,9.0,1
422,64,79,74,79,3,9.0,0
423,77,63,57,42,3,7.8,0
424,83,53,50,62,1,8.0,0
425,51,65,69,46,2,9.5,1
426,81,77,93,62,2,9.3,0
427,72,62,72,46,1,8.0,0
428,71,61,81,85,1,8.6,0
429,74,87,60,73,1,7.2,0
430,71,58,88,81,2,7.6,1
431,71,85,73,58,2,8.5,0
432,98,42,60,48,1,7.3,0
433,91,81,78,87,3,9.5,1
434,55,58,75,90,3,9.2,0
435,64,48,65,57,2,9.8,1
436,92,67,84,80,1,9.1,1
437,86,59,69,87,2,9.8,1
438,82,84,52,84,1,8.7,1
439,57,46,50,81,1,8.8,0
440,93,53,50,64,3,9.9,1
441,93,48,66,91,1,8.9,0
442,54,58,51,53,1,7.1,0
443,88,86,78,83,1,9.2,0
444,53,53,69,64,1,9.7,0
445,55,77,55,58,1,9.4,1
446,94,75,57,78,3,8.8,0
447,81,79,78,94,1,9.0,1
448,79,56,82,54,1,10.0,0
449,96,69,52,55,1,7.3,0
450,84,48,84,66,3,9.0,1
451,89,72,54,79,2,7.9,0
452,65,64,76,49,1,8.9,1
453,62,53,93,43,3,8.8,0
454,99,50,61,90,1,7.5,0
455,91,74,69,58,1,7.6,0
456,79,80,94,67,1,8.9,1
457,68,53,69,60,1,7.4,0
458,66,69,58,86,1,7.8,0
459,68,80,88,53,2,9.5,0
460,77,43,53,72,1,8.0,1
461,75,43,68,87,2,8.5,1
462,86,67,87,49,1,9.8,1
463,75,47,76,58,1,7.7,0
464,72,41,94,69,2,8.2,1
465,58,80,92,61,3,8.8,1
466,61,85,62,42,1,9.3,1
467,50,61,62,76,2,9.7,1
468,50,80,71,80,1,9.7,1
469,96,55,77,57,1,9.3,0
470,83,68,94,50,1,7.7,1
471,81,88,71,87,1,7.1,1
472,97,87,92,41,1,8.2,0
473,74,69,68,51,1,7.4,0
474,89,51,57,93,3,9.1,1
475,94,74,57,45,1,9.0,0
476,50,50,91,82,2,7.1,1
477,65,85,75,79,1,9.5,0
478,88,89,75,83,2,7.7,0
479,54,60,72,68,2,8.3,0
480,71,60,92,69,1,9.0,0
481,78,44,62,41,1,8.3,0
482,52,87,77,48,3,8.3,0
483,61,59,58,86,3,7.2,1
484,75,76,69,41,1,8.2,1
485,65,42,68,68,1,9.3,0
486,86,83,88,72,3,9.7,1
487,71,72,61,49,1,8.2,1
488,78,48,64,73,2,8.3,1
489,63,48,80,83,1,9.1,1
490,77,43,63,94,1,9.8,0
491,54,74,60,47,2,7.8,0
492,96,56,75,76,2,8.3,0
493,98,73,91,93,1,9.4,0
494,79,63,76,72,2,8.8,1
495,95,71,60,86,3,7.3,0
496,54,40,87,45,2,8.9,1
497,61,47,83,83,1,7.6,1
498,65,84,92,79,2,8.5,1
499,75,62,68,84,3,8.6,1
500,75,86,55,58,3,9.6,0
501,97,79,87,71,2,8.4,1
502,70,51,91,66,1,7.8,0
503,88,51,77,40,3,7.7,1
504,85,85,50,82,2,9.6,1
505,82,86,84,91,1,7.5,1
506,79,54,89,72,2,8.3,0
507,86,80,57,79,1,7.6,1
508,72,58,56,71,2,9.3,0
509,59,65,60,44,1,8.4,0
510,54,68,88,56,2,8.1,1
511,85,61,53,47,3,8.1,0
512,83,79,74,81,3,9.6,1
513,80,60,61,73,3,8.7,0
514,59,77,75,48,3,9.2,1
515,68,59,87,62,1,9.7,0
516,81,68,61,74,2,9.7,1
517,50,43,92,89,2,8.0,1
518,54,46,86,46,3,9.9,1
519,94,67,73,54,1,7.1,0
520,53,67,65,92,3,8.1,1
521,65,43,62,93,2,9.7,0
522,73,61,74,59,3,7.8,0
523,65,51,53,89,1,7.8,0
524,51,84,60,64,1,7.9,1
525,98,42,81,42,3,8.8,0
526,77,61,56,94,1,8.3,1
527,81,83,60,85,3,9.2,1
528,76,41,77,63,1,9.7,0
529,69,63,90,73,2,9.0,1
530,73,73,72,85,1,7.6,0
531,61,66,94,61,2,9.8,1
532,99,80,72,50,2,7.8,0
533,84,40,77,87,1,7.4,1
534,82,47,92,47,1,7.3,0
535,82,62,75,78,1,8.7,0
536,92,77,74,82,2,7.3,0
537,86,45,78,74,2,7.4,0
538,61,61,68,88,3,7.9,0
539,52,64,82,85,2,7.8,0
540,50,57,85,77,2,8.8,0
541,82,56,63,47,1,9.5,1
542,89,51,63,93,1,9.3,1
543,59,45,84,76,1,7.8,1
544,92,65,79,66,3,7.7,1
545,93,66,77,67,3,9.9,1
546,78,47,66,79,1,7.0,1
547,62,58,52,73,2,9.6,0
548,61,81,65,71,3,7.6,1
549,80,40,79,54,2,9.8,0
550,95,68,78,83,1,8.0,1
551,51,84,94,56,1,8.3,1
552,99,88,64,72,2,9.1,0
553,84,74,74,86,3,8.8,1
554,72,79,87,85,2,8.0,0
555,66,53,91,91,1,8.7,0
556,75,74,87,93,1,9.2,0
557,57,87,72,55,3,7.1,1
558,78,84,74,68,3,7.0,1
559,75,59,91,48,2,8.4,1
560,59,88,56,72,2,7.4,0
561,75,52,71,88,1,9.0,1
562,83,77,66,68,3,7.6,1
563,90,88,67,52,3,8.3,0
564,56,85,90,60,1,7.6,1
565,53,88,59,60,3,8.6,0
566,99,47,59,44,1,7.3,0
567,94,82,56,49,1,7.1,0
568,60,59,87,45,1,7.2,1
569,78,72,76,90,1,9.9,0
570,85,65,82,52,1,7.4,0
571,74,78,50,40,2,9.1,0
572,70,60,93,59,2,7.2,0
573,85,88,83,86,2,7.3,0
574,59,81,53,85,1,8.5,0
575,86,82,66,47,1,8.4,1
576,58,80,53,49,2,9.9,0
577,73,48,92,48,1,9.8,1
578,84,63,75,88,1,9.3,1
579,98,76,53,80,3,8.8,0
580,84,88,50,42,3,8.4,0
581,97,80,56,50,3,8.1,1
582,85,56,79,51,2,9.8,0
583,67,63,58,49,1,8.8,0
584,98,60,84,64,2,8.7,0
585,88,78,57,88,1,7.7,1
586,81,80,73,88,2,7.1,1
587,73,78,68,64,1,9.8,1
588,72,52,85,50,3,7.9,1
589,81,50,92,93,1,8.3,0
590,86,85,76,75,3,7.3,0
591,61,58,81,78,3,9.5,0
592,98,50,63,92,2,7.1,0
593,62,52,67,65,3,9.5,0
594,72,85,77,53,2,7.4,0
595,74,84,78,78,3,9.7,0
596,84,40,65,79,2,9.2,0
597,90,79,84,40,3,7.5,0
598,79,83,80,93,2,8.7,1
599,66,58,53,43,3,7.9,1
600,98,51,86,69,2,7.5,1
601,69,47,66,51,2,9.6,0
602,97,47,88,74,3,8.2,0
603,74,84,75,52,3,8.2,0
604,71,51,88,91,2,7.5,0
605,62,87,90,70,1,8.1,0
606,68,72,53,77,2,9.6,1
607,98,84,79,82,3,8.1,1
608,85,65,79,62,3,9.9,0
609,61,78,71,43,3,9.8,0
610,90,67,60,91,1,7.4,0
611,68,44,51,55,2,7.5,0
612,61,47,93,46,2,9.6,0
613,58,64,61,61,3,8.2,0
614,56,66,79,68,1,7.0,0
615,77,85,85,50,3,7.8,0
616,63,62,67,72,2,8.8,0
617,80,69,75,68,1,9.4,0
618,68,84,56,78,1,7.4,0
619,96,86,50,51,1,7.3,1
620,65,62,75,46,2,9.8,0
621,54,88,72,94,1,9.3,1
622,84,86,75,78,1,8.8,1
623,61,59,94,81,3,9.3,1
624,74,57,55,87,1,8.3,1
625,70,57,55,65,1,9.3,1
626,85,41,93,79,2,8.1,1
627,72,43,57,48,2,7.7,0
628,65,69,73,80,3,9.2,0
629,88,72,71,73,2,8.3,1
630,94,75,68,84,3,9.9,1
631,91,57,86,52,2,8.0,1
632,88,76,67,94,1,9.8,1
633,63,58,80,94,1,9.8,1
634,80,86,86,75,2,7.7,1
635,54,67,79,64,1,9.4,1
636,84,79,91,63,3,8.3,1
637,72,59,82,83,2,9.8,1
638,78,88,59,56,1,8.4,1
639,92,72,86,41,1,9.2,1
640,60,51,61,52,1,8.4,1
641,67,54,79,70,2,7.7,0
642,96,80,76,68,2,7.6,0
643,61,78,88,89,2,8.3,1
644,58,41,58,67,1,9.3,1
645,59,68,70,66,2,8.8,0
646,93,80,61,54,3,9.1,0
647,66,49,78,70,1,7.8,1
648,87,41,82,79,2,8.4,1
649,56,50,92,54,3,7.1,1
650,95,52,64,72,1,9.5,1
651,62,49,51,59,2,10.0,0
652,89,53,88,81,1,8.2,0
653,91,57,93,51,2,7.0,0
654,58,48,67,76,1,7.5,1
655,99,78,52,48,3,9.0,0
656,76,67,56,62,3,8.8,1
657,51,42,92,47,3,9.4,1
658,54,59,67,71,3,7.8,1
659,78,45,93,87,2,9.3,1
660,86,66,87,53,2,9.1,0
661,87,41,86,66,3,8.0,1
662,68,68,82,64,3,8.6,0
663,57,77,93,52,2,7.4,0
664,97,42,80,94,3,8.4,0
665,94,55,60,60,2,9.6,0
666,50,69,53,84,2,8.3,1
667,71,79,67,70,2,9.5,1
668,66,41,53,76,1,8.8,0
669,56,56,83,87,1,7.6,0
670,74,80,78,82,1,8.7,1
671,94,51,73,93,2,8.5,1
672,53,74,71,44,1,8.2,0
673,85,82,51,52,2,7.4,1
674,55,40,93,67,3,8.3,1
675,80,84,55,82,1,7.2,1
676,68,54,91,64,2,7.3,0
677,93,65,74,90,1,8.2,1
678,88,76,70,74,1,7.9,1
679,76,60,65,86,3,9.8,1
680,59,88,80,78,2,8.1,1
681,75,70,63,46,3,9.3,1
682,68,64,88,77,1,8.6,0
683,88,62,77,71,2,9.1,1
684,52,63,81,42,1,7.8,1
685,94,77,77,84,1,9.8,1
686,62,67,58,78,1,8.6,0
687,99,60,94,76,1,9.5,0
688,77,82,71,94,1,8.1,1
689,69,57,81,89,1,7.3,1
690,77,75,54,61,3,9.0,0
691,57,74,72,47,1,7.0,1
692,90,84,54,56,1,8.4,0
693,88,48,91,91,1,7.6,1
694,50,77,81,66,2,8.9,1
695,52,69,59,72,1,9.9,0
696,62,83,88,85,3,8.4,1
697,77,73,64,56,3,9.5,1
698,98,71,56,81,1,8.5,0
699,74,42,78,51,2,8.5,1
700,82,42,52,87,1,9.8,0
701,87,67,68,85,2,9.7,1
702,55,83,59,66,2,9.4,0
703,93,54,77,87,1,7.9,0
704,94,80,78,47,1,8.6,0
705,81,62,64,62,2,7.7,0
706,94,79,84,81,2,8.3,1
707,96,50,55,88,1,8.5,0
708,70,87,61,68,2,9.5,0
709,65,71,87,89,2,9.7,1
710,70,75,62,59,3,8.2,0
711,60,72,78,55,1,7.1,1
712,86,63,68,56,3,9.6,1
713,85,78,52,55,2,7.5,1
714,84,73,57,58,1,8.9,0
715,68,67,57,47,2,7.1,0
716,69,76,69,77,2,8.2,1
717,67,46,53,77,3,10.0,0
718,96,43,70,92,1,7.3,0
719,90,76,52,68,2,8.3,0
720,98,40,94,80,1,7.9,0
721,63,40,57,75,3,9.7,1
722,64,86,72,65,1,9.6,1
723,80,59,65,70,3,7.7,1
724,50,58,62,83,3,7.2,1
725,52,68,52,51,1,8.9,0
726,65,49,58,94,3,8.0,0
727,72,57,63,56,3,9.0,1
728,60,67,62,54,1,7.1,0
729,61,74,56,48,2,7.4,0
730,59,82,64,78,2,9.1,1
731,81,86,56,81,1,7.6,1
732,65,70,87,87,1,9.6,0
733,57,66,83,51,1,7.2,1
734,87,50,90,71,1,7.6,1
735,61,88,71,64,2,10.0,0
736,73,88,73,78,1,8.3,1
737,77,77,86,57,3,9.1,0
738,57,44,93,54,3,7.5,1
739,77,47,50,71,1,8.8,1
740,85,73,59,45,2,9.2,1
741,75,87,92,83,2,7.9,0
742,57,51,65,82,3,9.5,0
743,99,77,57,91,1,8.8,0
744,77,40,74,74,1,8.2,1
745,77,70,61,73,3,8.7,0
746,86,43,74,77,3,8.7,0
747,90,88,66,93,3,7.5,0
748,85,84,75,44,3,8.2,0
749,76,89,63,57,1,8.0,0
750,66,44,90,55,2,8.2,1
751,58,69,85,47,1,9.3,0
752,82,63,72,64,1,8.4,0
753,69,42,92,71,3,9.8,1
754,62,50,55,65,1,7.9,1
755,77,84,54,91,2,8.2,0
756,97,43,92,61,3,9.4,0
757,78,65,74,70,1,8.6,1
758,62,66,67,82,3,8.6,0
759,95,85,62,49,3,7.2,1
760,84,82,92,51,2,8.2,0
761,55,66,63,92,1,7.8,0
762,67,81,77,67,1,10.0,0
763,54,89,67,45,2,7.9,1
764,96,45,77,59,1,9.7,1
765,74,54,76,44,1,9.0,0
766,51,69,81,62,3,8.0,1
767,59,81,58,48,1,8.6,0
768,79,76,89,68,3,9.5,0
769,99,76,81,55,1,9.7,1
770,94,81,69,93,2,7.5,0
771,54,76,77,85,3,8.0,1
772,82,74,82,61,1,8.0,1
773,50,62,53,47,1,7.1,1
774,67,45,83,59,2,8.8,1
775,81,43,52,90,3,9.6,0
776,96,57,75,53,2,8.1,0
777,98,48,57,78,1,9.2,0
778,60,88,55,76,1,8.9,0
779,70,68,65,89,3,8.1,0
780,75,52,73,73,3,7.4,0
781,74,86,88,50,2,9.1,1
782,71,56,79,93,3,9.6,0
783,76,84,94,79,2,9.1,1
784,98,71,62,72,2,7.1,1
785,62,87,54,70,1,7.6,1
786,82,61,74,93,2,7.2,0
787,83,43,69,83,2,8.7,0
788,90,44,67,73,1,9.3,0
789,84,76,67,89,2,7.3,0
790,50,80,51,46,3,9.5,0
791,70,88,59,88,2,8.7,1
792,97,52,94,93,2,9.1,0
793,55,73,61,62,3,9.9,1
794,77,84,62,85,1,7.3,1
795,66,61,60,46,2,9.7,0
796,54,62,68,93,3,7.4,0
797,80,42,84,64,2,8.2,1
798,54,81,88,42,1,9.6,0
799,87,73,75,77,1,9.7,1
800,52,71,63,59,3,8.5,0
801,72,84,94,73,2,8.8,1
802,86,88,93,88,3,9.1,0
803,86,60,73,83,2,9.5,0
804,59,85,90,83,2,7.4,1
805,59,83,50,69,3,9.4,0
806,68,60,92,56,2,8.4,0
807,66,83,71,49,1,8.4,0
808,70,50,72,74,2,8.3,0
809,63,78,68,59,3,8.5,1
810,58,43,67,57,1,9.8,1
811,95,40,61,84,1,8.6,1
812,50,67,77,83,1,9.9,1
813,94,63,77,66,3,7.5,0
814,62,74,82,88,1,9.2,0
815,53,52,68,75,2,9.4,1
816,50,86,77,62,2,9.0,1
817,98,73,86,71,2,8.8,0
818,89,50,75,49,2,8.7,0
819,81,75,84,50,1,9.6,0
820,83,56,83,77,2,9.5,1
821,77,74,84,45,3,7.4,1
822,80,57,89,80,3,9.5,0
823,57,79,65,86,1,8.2,1
824,88,61,87,73,3,7.8,0
825,75,63,62,75,2,9.6,0
826,83,58,72,76,3,8.3,1
827,52,76,71,56,2,9.4,0
828,99,78,65,79,2,7.8,0
829,61,60,77,79,3,7.0,1
830,50,47,84,93,3,8.5,1
831,93,67,94,51,2,7.3,1
832,54,44,57,60,1,9.3,0
833,79,56,93,79,1,7.8,0
834,79,76,71,58,1,8.3,1
835,66,75,70,42,1,7.3,1
836,97,58,75,57,1,7.9,1
837,96,66,89,92,3,9.3,0
838,72,73,70,90,1,7.5,0
839,64,50,74,58,2,8.9,1
840,86,84,90,86,1,9.8,1
841,70,86,50,45,1,9.0,0
842,63,51,55,55,1,9.4,0
843,51,60,72,47,1,7.3,0
844,60,50,72,87,3,7.8,0
845,88,78,92,57,3,9.7,0
846,87,67,92,91,1,9.1,0
847,83,44,72,87,2,8.9,1
848,87,56,81,82,2,9.0,0
849,99,59,79,78,3,8.2,1
850,83,80,62,88,3,7.1,0
851,67,85,92,88,2,9.4,1
852,79,51,67,51,2,9.0,0
853,64,45,72,84,3,8.4,1
854,76,56,64,49,1,9.7,1
855,83,58,82,46,2,8.0,1
856,87,65,70,85,3,7.9,1
857,82,87,88,94,3,9.6,0
858,73,83,72,40,2,9.4,1
859,64,83,76,88,2,8.5,1
860,79,71,94,75,1,7.4,1
861,91,45,93,60,2,7.6,0
862,66,75,67,76,2,9.0,1
863,54,77,73,91,2,8.2,0
864,78,50,89,63,3,9.5,0
865,53,72,91,94,3,9.8,0
866,59,63,56,64,1,9.4,0
867,66,62,69,46,2,8.1,1
868,59,54,76,81,2,9.4,1
869,66,66,55,56,2,8.1,1
870,69,50,76,68,1,7.5,1
871,73,89,58,69,2,7.1,1
872,54,56,94,46,3,8.2,1
873,83,53,80,72,2,9.7,0
874,55,66,70,46,3,7.7,1
875,51,57,75,63,3,7.6,1
876,62,67,89,50,1,9.9,1
877,92,86,94,48,1,7.1,1
878,92,86,62,51,3,9.4,1
879,97,43,72,74,3,8.0,0
880,60,46,69,43,1,7.1,0
881,96,84,86,75,1,9.8,1
882,72,74,77,67,1,7.4,0
883,65,87,66,52,3,8.7,1
884,80,48,77,62,1,7.8,0
885,60,47,90,58,2,7.2,0
886,65,84,51,81,3,7.1,1
887,57,56,74,76,1,7.3,0
888,53,56,90,78,2,7.2,1
889,89,88,55,63,1,9.3,0
890,53,72,60,55,3,8.5,0
891,74,71,87,72,1,8.0,1
892,52,47,55,51,2,8.3,0
893,81,58,94,73,2,9.8,1
894,52,77,60,46,1,9.7,1
895,76,42,63,50,1,9.1,0
896,78,44,51,70,2,9.7,1
897,81,52,89,68,1,8.0,1
898,99,86,52,52,3,8.1,0
899,68,85,84,70,3,8.8,0
900,70,70,82,41,2,8.9,0
901,54,55,73,78,2,8.4,1
902,67,89,68,54,2,8.2,1
903,77,71,67,50,3,10.0,1
904,91,61,73,73,2,9.5,1
905,71,68,94,78,1,8.3,1
906,70,61,84,43,1,9.2,1
907,55,82,50,50,2,7.8,1
908,50,42,85,68,2,7.3,0
909,54,49,74,41,2,8.1,1
910,90,81,94,55,1,8.2,1
911,61,60,92,78,3,7.0,1
912,75,55,83,52,1,9.4,1
913,95,51,74,76,1,8.1,0
914,83,41,65,56,2,8.7,1
915,98,80,83,60,1,7.2,0
916,63,63,78,83,2,7.5,1
917,75,74,68,58,1,9.7,0
918,94,69,72,46,2,8.8,1
919,76,69,68,77,2,9.9,1
920,58,86,74,47,1,10.0,1
921,75,74,65,52,1,8.1,0
922,96,58,58,76,3,7.9,1
923,71,89,50,41,2,9.6,1
924,96,47,91,80,2,10.0,1
925,79,65,68,50,1,8.9,0
926,92,88,82,63,2,9.4,1
927,97,79,83,45,2,9.3,0
928,66,46,65,65,2,8.1,1
929,75,69,93,46,3,8.7,0
930,85,46,89,78,1,9.5,1
931,50,42,67,58,1,9.1,1
932,57,40,83,45,3,7.1,0
933,98,75,74,82,3,8.0,0
934,84,64,94,68,1,7.4,1
935,64,76,55,82,2,7.7,0
936,96,40,70,78,1,9.7,1
937,71,54,55,41,1,7.1,0
938,63,76,81,58,1,7.7,0
939,75,52,90,43,1,7.9,0
940,77,79,92,45,3,8.9,1
941,72,47,88,88,2,8.6,0
942,63,44,80,76,1,7.7,1
943,73,48,91,67,1,7.5,1
944,51,40,59,69,3,7.7,0
945,94,75,79,46,1,8.5,1
946,75,74,67,48,2,7.8,0
947,63,41,73,64,1,9.8,1
948,56,79,58,72,2,8.4,0
949,52,62,80,40,1,7.2,0
950,96,48,64,90,1,9.2,1
951,72,73,53,45,1,8.0,1
952,95,85,89,57,1,9.0,0
953,92,53,58,49,2,7.8,1
954,96,43,94,67,2,8.7,0
955,94,69,58,50,1,9.3,1
956,67,70,75,72,1,9.8,1
957,87,77,53,40,2,7.8,0
958,84,50,66,52,2,8.0,0
959,64,74,65,76,3,8.4,0
960,74,47,64,59,2,9.8,0
961,86,42,84,40,2,9.7,0
962,77,53,54,91,2,7.3,1
963,59,52,54,42,3,7.4,1
964,88,84,69,57,3,8.5,0
965,66,71,64,80,1,7.3,1
966,88,73,67,53,1,8.0,1
967,71,84,51,70,1,7.4,1
968,75,58,78,66,2,8.9,1
969,93,77,62,56,3,9.8,1
970,74,55,53,94,2,10.0,0
971,66,41,91,85,1,8.1,0
972,62,79,94,68,3,8.8,0
973,69,56,59,75,3,9.6,0
974,74,73,80,76,1,7.4,0
975,53,81,90,65,2,9.1,1
976,59,55,57,92,2,8.2,0
977,52,77,52,56,3,7.6,1
978,90,41,58,61,3,8.2,0
979,94,41,79,64,2,7.2,1
980,67,65,60,41,2,9.1,1
981,96,52,84,94,3,7.8,0
982,85,86,86,61,2,7.9,0
983,96,70,91,44,1,7.4,1
984,71,73,62,43,3,9.6,0
985,83,78,85,75,1,8.5,0
986,96,42,62,45,1,8.7,0
987,57,47,61,91,3,8.7,1
988,89,62,86,60,3,8.2,1
989,98,53,59,52,2,7.6,1
990,93,66,58,93,1,9.2,1
991,68,68,56,76,1,7.4,1
992,91,78,51,94,1,7.3,1
993,90,78,72,64,1,9.1,1
994,86,40,88,65,3,7.6,0
995,55,56,89,94,1,7.9,0
996,75,80,88,78,2,8.4,1
997,83,69,70,59,1,8.3,1
998,94,52,72,72,3,9.1,0
999,55,60,78,53,1,8.9,0
1000,86,58,63,75,1,8.9,1
1001,82,58,75,56,1,9.1,1
1002,71,64,54,60,2,7.9,0
1003,70,61,80,85,2,8.0,1
1004,55,70,74,55,2,8.3,1
1005,55,56,80,85,2,7.9,1
1006,97,62,69,55,1,10.0,0
1007,53,71,93,59,2,9.4,0
1008,79,49,66,68,2,7.5,0
1009,60,49,94,67,1,7.0,0
1010,79,75,51,47,1,7.1,1
1011,80,47,74,63,1,7.7,0
1012,73,59,62,42,1,7.3,1
1013,58,71,88,64,2,8.6,0
1014,52,89,77,58,1,9.6,0
1015,80,53,91,72,1,9.2,1
1016,89,89,55,41,1,7.6,1
1017,86,67,52,54,3,8.2,0
1018,85,85,84,61,3,8.5,1
1019,73,63,67,49,1,9.4,1
1020,80,54,60,57,1,9.5,1
1021,55,61,69,61,1,9.7,1
1022,51,69,54,85,2,8.5,0
1023,69,43,68,88,1,9.1,1
1024,77,52,71,66,2,7.3,1
1025,60,62,68,52,2,8.7,0
1026,53,47,65,72,3,7.7,0
1027,64,57,73,44,1,8.3,1
1028,55,51,90,65,3,8.9,0
1029,98,70,53,52,3,7.8,0
1030,79,53,64,66,1,7.2,1
1031,87,73,74,53,1,7.0,0
1032,51,57,93,63,1,7.1,0
1033,64,73,84,42,1,7.0,1
1034,60,50,63,86,1,7.3,1
1035,57,80,68,90,2,7.7,0
1036,75,51,87,88,2,7.7,1
1037,94,88,85,69,3,10.0,1
1038,93,54,56,74,1,7.9,1
1039,54,70,79,87,3,7.4,0
1040,55,88,68,53,1,8.6,0
1041,75,68,74,51,3,9.6,0
1042,53,65,65,67,1,9.0,1
1043,68,57,89,83,1,7.9,1
1044,69,71,57,68,3,8.7,1
1045,82,61,67,82,1,9.1,1
1046,69,77,77,56,2,9.2,1
1047,98,56,65,79,2,9.0,0
1048,61,62,68,88,2,9.6,1
1049,96,63,91,60,2,9.6,1
1050,50,89,66,62,3,8.7,1
1051,75,47,94,59,1,8.3,0
1052,63,80,62,50,2,8.9,1
1053,87,45,56,73,3,9.5,0
1054,86,44,76,49,1,7.0,0
1055,60,83,59,49,1,10.0,1
1056,85,68,83,82,3,7.5,1
1057,62,67,85,45,2,8.4,0
1058,92,50,74,75,2,9.6,1
1059,52,40,55,63,1,7.7,0
1060,82,82,73,51,2,8.4,0
1061,55,58,67,82,1,7.4,0
1062,99,48,72,94,2,8.2,1
1063,59,66,55,62,3,7.5,1
1064,54,73,78,66,1,8.1,1
1065,72,83,74,84,2,8.1,1
1066,59,43,66,76,3,10.0,0
1067,93,75,73,45,2,10.0,0
1068,51,57,60,40,3,7.3,1
1069,62,54,75,45,2,9.2,0
1070,89,52,83,89,3,7.2,1
1071,51,58,77,61,1,7.1,1
1072,69,88,52,80,1,7.3,1
1073,50,45,60,63,1,9.9,0
1074,86,87,87,64,2,9.8,0
1075,58,51,63,54,3,7.6,1
1076,66,76,75,65,1,7.5,0
1077,58,56,70,47,2,7.7,1
1078,60,62,88,90,3,8.5,0
1079,64,65,79,63,2,8.7,0
1080,73,68,57,87,1,7.7,0
1081,87,72,69,77,2,9.3,0
1082,84,66,81,45,1,7.9,1
1083,79,64,71,93,1,9.8,0
1084,80,49,56,74,3,9.0,0
1085,98,86,58,81,1,8.3,0
1086,54,62,94,40,1,9.4,0
1087,93,60,50,85,3,9.5,0
1088,99,60,78,75,1,7.9,0
1089,63,82,57,51,2,8.0,1
1090,60,52,53,77,1,9.8,1
1091,58,76,84,50,1,7.5,1
1092,83,72,52,51,1,7.1,1
1093,61,63,94,81,1,8.4,0
1094,84,83,89,89,2,9.4,1
1095,84,50,56,78,3,9.3,1
1096,50,56,76,46,2,9.8,0
1097,89,43,50,50,3,8.6,1
1098,71,86,76,75,1,7.3,0
1099,78,64,65,91,2,8.8,0
1100,57,69,87,70,2,9.3,1
1101,60,48,56,72,3,7.3,0
1102,90,60,93,52,1,7.5,0
1103,86,59,72,57,2,7.0,0
1104,63,58,90,80,3,8.8,0
1105,79,58,60,63,1,9.7,0
1106,84,51,91,48,3,9.0,1
1107,70,76,82,70,1,9.9,1
1108,86,81,85,94,3,7.2,1
1109,54,56,86,80,3,9.7,0
1110,68,76,90,49,2,9.4,1
1111,63,87,66,41,2,7.9,1
1112,75,78,84,77,1,9.9,0
1113,53,67,54,54,3,7.9,1
1114,74,80,81,42,2,9.7,1
1115,94,74,52,82,1,9.6,1
1116,91,86,84,70,2,9.3,0
1117,74,87,63,45,2,8.7,0
1118,67,57,80,42,1,7.4,1
1119,89,53,80,50,1,8.6,1
1120,57,74,66,54,1,8.1,1
1121,88,83,73,84,2,9.4,1
1122,89,80,72,91,2,9.3,1
1123,63,46,67,67,2,9.7,0
1124,81,80,63,49,3,7.0,1
1125,87,52,64,77,3,9.4,0
1126,82,57,64,86,2,9.8,1
1127,72,76,55,89,1,9.4,1
1128,64,52,76,89,2,7.4,0
1129,82,75,64,46,2,7.2,1
1130,74,70,85,54,2,7.1,0
1131,66,41,57,57,2,8.9,0
1132,82,55,64,57,1,8.9,0
1133,96,48,52,91,3,10.0,0
1134,51,48,62,80,1,8.2,0
1135,63,77,90,63,2,8.0,0
1136,89,50,83,41,1,8.9,1
1137,89,61,73,79,3,9.5,1
1138,88,72,89,59,1,9.8,1
1139,55,75,81,73,1,9.4,0
1140,55,84,81,82,1,8.3,1
1141,52,62,79,65,1,8.9,1
1142,56,84,62,46,1,9.6,0
1143,57,84,50,77,2,8.5,1
1144,91,73,83,69,2,7.7,0
1145,64,48,64,81,1,7.5,1
1146,96,63,93,44,1,7.0,0
1147,78,47,63,50,3,9.2,0
1148,82,46,78,40,2,7.3,1
1149,79,75,83,73,3,7.7,0
1150,88,57,67,40,2,7.9,0
1151,76,42,56,58,1,8.7,1
1152,85,67,78,41,1,8.2,1
1153,78,45,80,60,1,9.0,1
1154,87,83,74,59,3,7.2,0
1155,82,83,87,62,3,7.4,0
1156,86,60,63,60,2,8.5,1
1157,76,67,57,63,1,8.0,0
1158,82,79,76,43,1,7.9,0
1159,53,40,51,51,1,7.2,1
1160,71,75,66,61,2,9.7,0
1161,51,60,86,59,1,9.1,0
1162,59,82,63,57,3,7.4,0
1163,54,74,74,40,1,7.2,0
1164,59,52,79,69,3,9.9,0
1165,82,88,78,72,3,9.0,0
1166,87,49,69,63,3,8.3,0
1167,62,83,70,53,2,9.1,1
1168,80,86,71,75,2,9.3,1
1169,96,49,84,44,2,9.3,0
1170,85,85,86,50,2,8.4,1
1171,94,52,65,63,2,8.3,0
1172,73,76,92,70,3,7.0,0
1173,64,77,66,94,3,9.8,0
1174,78,63,65,52,3,8.8,1
1175,57,41,51,55,3,7.6,1
1176,54,61,53,63,1,9.8,1
1177,78,56,70,52,1,9.7,0
1178,96,75,88,63,2,10.0,0
1179,53,53,83,93,2,9.6,1
1180,61,49,79,65,3,10.0,0
1181,94,74,55,41,2,7.7,1
1182,51,64,66,55,2,9.5,1
1183,76,42,88,77,2,9.5,1
1184,80,86,74,85,1,7.7,1
1185,85,77,54,40,2,7.3,1
1186,85,56,54,88,3,9.9,1
1187,75,51,69,50,1,7.9,1
1188,92,63,65,90,2,9.6,0
1189,76,68,90,74,2,7.0,1
1190,54,82,86,82,1,7.1,0
1191,69,64,89,68,1,8.4,0
1192,60,75,58,76,3,7.7,0
1193,59,65,54,56,1,9.1,0
1194,89,77,91,93,1,8.7,1
1195,87,40,51,78,1,7.2,1
1196,55,59,58,81,2,7.5,0
1197,57,67,92,67,2,8.2,0
1198,72,55,85,68,2,7.6,1
1199,96,86,71,82,1,9.4,1
1200,75,56,71,42,3,8.2,1
1201,95,79,71,91,1,7.3,0
1202,92,67,83,49,1,8.5,1
1203,61,51,78,81,2,7.3,0
1204,75,66,87,53,1,7.4,0
1205,62,81,82,51,3,7.7,0
1206,89,86,67,86,3,9.6,0
1207,67,69,56,81,1,9.8,0
1208,74,80,50,69,3,9.5,1
1209,82,73,82,71,3,8.0,0
1210,96,76,50,71,3,7.8,0
1211,89,45,73,81,1,8.6,0
1212,92,46,53,71,2,9.2,0
1213,61,71,53,65,1,10.0,1
1214,93,71,67,90,3,7.4,0
1215,85,64,76,40,1,7.1,1
1216,97,72,92,81,2,9.1,0
1217,53,46,81,41,1,9.5,1
1218,54,51,82,56,1,9.5,1
1219,86,55,77,69,2,9.0,1
1220,57,55,91,78,3,9.9,1
1221,91,82,90,46,2,8.5,1
1222,98,75,85,91,3,9.7,0
1223,77,52,55,66,1,9.9,1
1224,80,46,65,48,2,9.5,1
1225,58,75,83,61,2,7.9,1
1226,78,86,72,73,1,7.6,0
1227,63,48,91,85,2,8.6,0
1228,89,71,73,88,2,8.4,1
1229,90,50,62,40,2,9.6,0
1230,71,47,67,48,3,7.3,0
1231,60,72,62,59,2,7.8,0
1232,72,62,86,92,1,9.3,1
1233,50,64,92,58,1,7.3,1
1234,95,47,88,75,2,8.0,0
1235,86,84,91,79,1,8.2,0
1236,70,61,66,84,1,8.9,0
1237,75,43,64,43,2,7.5,0
1238,95,79,67,48,2,9.6,1
1239,85,42,72,80,1,8.3,1
1240,72,68,79,61,3,9.8,0
1241,50,80,83,57,2,8.4,1
1242,89,68,53,51,1,7.8,1
1243,64,73,52,81,3,7.4,0
1244,70,73,56,82,2,7.0,0
1245,96,67,67,78,2,8.6,1
1246,58,52,91,48,2,7.3,0
1247,58,54,56,45,1,8.2,1
1248,59,62,89,58,2,8.8,0
1249,75,83,55,87,1,7.8,1
1250,90,65,71,86,3,7.5,1
1251,84,43,50,46,3,9.3,1
1252,74,65,53,55,2,9.8,1
1253,75,79,92,44,1,7.3,1
1254,60,48,78,55,1,7.5,1
1255,87,44,70,40,1,9.9,0
1256,51,71,75,90,2,7.1,0
1257,56,59,63,76,1,9.9,1
1258,67,89,58,78,2,7.0,1
1259,76,50,61,58,1,9.6,0
1260,83,54,91,93,3,7.9,0
1261,76,71,55,76,1,9.8,1
1262,66,67,69,56,3,8.0,0
1263,92,61,73,65,3,9.0,0
1264,93,80,76,61,2,7.2,1
1265,73,56,87,47,3,7.7,1
1266,74,65,57,72,2,9.3,0
1267,56,83,50,41,2,8.6,0
1268,55,46,73,69,1,9.8,0
1269,73,81,56,86,1,8.3,0
1270,82,65,68,59,2,9.6,1
1271,98,64,71,57,2,8.3,1
1272,78,49,84,82,2,9.9,0
1273,92,84,79,49,1,9.9,0
1274,71,58,78,63,1,8.0,0
1275,75,50,71,43,1,9.7,1
1276,77,52,60,76,1,9.5,0
1277,99,47,69,43,1,7.6,1
1278,70,79,78,52,1,8.9,1
1279,98,43,90,64,1,7.2,1
1280,56,86,91,52,3,9.5,1
1281,66,70,83,57,1,7.5,0
1282,69,67,50,63,2,7.2,1
1283,90,50,80,41,1,8.2,0
1284,98,82,79,87,3,8.7,1
1285,69,40,67,72,2,9.6,0
1286,71,88,66,58,1,9.9,1
1287,77,86,87,48,2,8.3,0
1288,89,77,63,67,1,7.2,1
1289,98,63,72,74,2,9.2,0
1290,56,86,74,78,1,8.7,1
1291,50,70,64,49,3,8.3,0
1292,81,80,71,40,2,7.9,0
1293,62,85,52,81,1,8.5,1
1294,79,89,68,60,3,8.0,1
1295,72,65,93,48,1,9.3,0
1296,68,88,83,86,3,8.6,1
1297,81,89,84,54,2,9.6,1
1298,79,44,50,74,3,8.6,1
1299,78,59,70,44,1,7.7,0
1300,98,80,78,80,3,9.6,0
1301,94,50,55,61,3,8.7,1
1302,78,72,86,80,1,7.6,0
1303,79,89,50,62,1,8.9,1
1304,65,77,50,46,1,8.1,0
1305,89,66,76,62,3,9.5,0
1306,68,73,70,83,1,8.4,1
1307,67,54,65,64,2,9.2,1
1308,50,71,93,66,1,7.3,1
1309,63,60,89,80,1,8.2,0
1310,96,85,75,45,2,9.9,0
1311,99,44,65,94,3,9.4,0
1312,51,45,77,73,2,7.5,0
1313,77,77,50,48,3,7.8,1
1314,98,61,85,88,2,8.0,1
1315,99,57,59,72,1,9.0,0
1316,79,53,92,90,1,9.3,1
1317,87,49,66,45,2,9.2,0
1318,53,85,72,76,3,8.5,1
1319,50,52,56,70,3,9.4,0
1320,57,70,93,73,1,8.3,1
1321,78,69,56,80,1,7.4,0
1322,88,42,93,68,1,8.7,0
1323,52,69,64,53,3,9.9,0
1324,81,45,83,75,3,9.4,0
1325,59,68,94,75,3,8.7,0
1326,59,47,53,92,1,8.9,0
1327,68,83,63,54,2,9.8,0
1328,95,84,63,47,2,8.3,1
1329,83,82,65,65,1,8.0,0
1330,82,83,56,75,2,9.9,1
1331,72,72,81,87,1,9.6,0
1332,77,56,68,60,1,8.0,1
1333,81,87,51,67,3,8.4,1
1334,99,50,59,43,3,8.2,0
1335,56,52,66,55,2,7.4,1
1336,78,89,86,61,2,9.9,0
1337,57,50,61,51,1,8.2,1
1338,50,70,55,55,3,9.6,1
1339,52,67,71,90,3,7.6,0
1340,73,83,81,79,3,8.6,0
1341,72,45,90,77,3,7.1,0
1342,57,80,69,81,1,9.3,0
1343,96,55,50,76,1,8.7,1
1344,86,43,55,68,2,8.9,0
1345,52,74,68,57,1,7.2,0
1346,82,87,67,49,3,7.6,0
1347,77,65,55,81,1,7.2,0
1348,96,51,94,78,1,7.9,0
1349,57,50,82,57,1,8.9,1
1350,83,76,72,40,3,8.7,0
1351,84,64,72,78,1,8.8,1
1352,81,57,75,60,2,8.6,0
1353,73,58,62,40,2,7.8,0
1354,63,62,56,54,1,7.7,1
1355,81,77,64,43,2,7.4,0
1356,95,57,93,59,3,9.5,0
1357,92,65,76,49,2,8.8,1
1358,65,45,75,62,3,7.6,0
1359,53,43,82,80,1,7.5,0
1360,86,83,64,73,1,9.6,1
1361,70,68,85,85,3,9.2,1
1362,63,73,94,87,1,9.0,0
1363,80,56,76,72,2,8.2,0
1364,97,82,54,73,3,7.8,0
1365,67,82,51,78,1,9.9,0
1366,56,55,82,49,3,9.4,1
1367,59,41,65,93,1,7.9,1
1368,56,73,72,59,1,9.5,1
1369,82,47,87,40,1,9.3,0
1370,72,52,65,52,3,7.9,0
1371,70,81,63,40,1,8.3,1
1372,68,47,78,44,3,7.6,0
1373,97,69,75,55,3,7.3,1
1374,68,71,84,54,2,9.2,1
1375,85,75,64,88,2,7.8,1
1376,78,86,52,67,2,9.5,0
1377,67,69,72,70,1,10.0,0
1378,51,40,78,62,2,7.2,1
1379,50,82,83,87,2,8.4,1
1380,96,78,82,84,3,9.4,1
1381,54,56,90,82,3,9.4,0
1382,69,59,90,56,3,9.3,1
1383,60,63,72,88,3,8.0,1
1384,91,89,56,73,2,8.4,0
1385,51,61,52,52,2,8.8,1
1386,52,68,81,53,3,9.9,1
1387,72,61,80,50,1,8.0,0
1388,61,83,67,67,3,9.8,0
1389,69,48,92,81,2,7.8,1
1390,54,76,56,71,2,10.0,0
1391,86,49,90,74,3,9.0,1
1392,87,75,50,70,3,8.4,0
1393,79,76,63,56,1,8.8,0
1394,58,67,81,86,3,7.8,1
1395,83,67,55,48,2,7.8,1
1396,93,81,88,49,1,7.3,0
1397,84,82,59,47,3,7.3,1
1398,71,60,56,60,2,8.0,0
1399,93,63,75,52,2,9.3,0
1400,73,81,83,89,1,8.8,0
1401,66,79,79,44,2,7.3,0
1402,59,41,85,45,2,9.6,1
1403,79,47,70,69,2,8.8,1
1404,95,87,66,70,1,9.9,1
1405,72,66,82,56,3,9.0,1
1406,81,61,59,50,2,7.5,0
1407,66,76,91,59,3,8.4,1
1408,99,66,61,87,2,8.9,1
1409,66,68,65,48,1,7.1,1
1410,63,42,90,41,2,7.0,1
1411,58,83,81,76,2,7.4,1
1412,89,52,64,40,2,7.8,0
1413,51,84,76,43,2,8.3,1
1414,94,49,77,75,2,8.5,1
1415,74,75,66,93,1,7.4,1
1416,88,48,51,64,2,9.0,0
1417,58,66,85,42,1,8.8,1
1418,71,73,56,48,1,7.9,1
1419,92,40,62,61,3,7.0,0
1420,95,71,64,62,2,7.2,1
1421,53,64,74,51,2,8.2,0
1422,75,68,72,49,2,7.5,0
1423,78,46,71,73,3,8.1,0
1424,94,88,75,82,2,8.9,1
1425,83,42,82,49,3,8.6,0
1426,72,59,60,69,1,7.7,0
1427,86,59,59,61,3,8.0,0
1428,60,69,74,45,3,8.8,0
1429,55,74,86,89,3,9.6,0
1430,67,74,92,41,1,9.3,0
1431,70,88,87,69,1,8.7,1
1432,91,78,90,41,1,8.1,1
1433,85,66,94,71,1,8.1,0
1434,90,65,73,81,3,9.6,0
1435,87,53,89,55,1,7.1,1
1436,83,56,82,51,1,10.0,0
1437,66,57,66,40,1,9.0,1
1438,86,84,73,92,1,9.0,1
1439,74,68,86,47,1,7.1,0
1440,87,59,51,87,3,8.8,0
1441,61,66,81,89,2,8.5,1
1442,72,57,73,52,1,7.3,0
1443,91,43,58,54,2,7.8,0
1444,71,40,53,92,2,9.7,0
1445,70,89,66,83,1,8.6,1
1446,76,40,66,47,2,8.2,1
1447,80,65,79,49,3,7.2,0
1448,55,84,89,85,3,9.1,1
1449,76,59,60,44,3,9.1,0
1450,89,62,70,89,1,8.8,1
1451,83,49,70,58,3,8.5,0
1452,61,50,67,86,3,8.3,1
1453,94,80,78,77,3,8.8,1
1454,56,80,73,50,1,7.7,0
1455,59,44,59,92,3,9.8,0
1456,94,40,94,82,3,8.8,0
1457,66,56,66,59,3,7.9,0
1458,75,61,67,59,1,8.3,0
1459,70,73,91,60,3,9.4,1
1460,77,84,69,57,3,7.5,1
1461,95,80,86,89,2,7.9,0
1462,51,68,94,49,2,9.0,1
1463,92,43,67,73,3,7.9,1
1464,50,44,66,65,2,9.4,1
1465,85,50,58,69,2,7.4,0
1466,75,60,63,48,2,9.3,0
1467,78,74,78,85,3,7.2,0
1468,70,51,80,90,1,7.0,0
1469,60,65,53,70,2,9.7,1
1470,89,58,67,81,2,8.7,1
1471,60,84,69,94,3,8.1,0
1472,85,46,92,43,2,7.7,0
1473,98,86,93,45,3,8.9,1
1474,88,46,58,53,3,8.5,1
1475,89,65,62,43,1,10.0,1
1476,84,79,64,65,2,9.9,0
1477,83,44,76,86,1,8.9,1
1478,96,60,64,87,1,8.3,1
1479,73,53,77,78,2,8.5,1
1480,71,43,86,56,3,9.0,0
1481,54,62,68,58,3,7.3,0
1482,82,81,75,90,1,8.0,0
1483,85,59,75,88,1,7.2,1
1484,96,54,74,45,2,7.2,1
1485,69,89,75,68,2,7.6,1
1486,68,84,75,50,1,8.5,1
1487,84,68,77,55,3,9.4,0
1488,92,47,67,69,3,8.5,0
1489,66,80,81,64,2,8.0,0
1490,94,87,52,79,3,7.2,0
1491,92,58,51,50,1,8.7,1
1492,83,87,82,46,3,7.8,1
1493,58,78,91,65,2,8.8,0
1494,75,85,68,61,1,9.9,1
1495,51,67,66,64,3,7.3,1
1496,58,85,93,58,2,7.6,0
1497,58,66,82,70,3,8.4,0
1498,89,43,61,65,1,9.9,0
1499,66,54,52,81,1,9.3,0
1500,50,74,92,80,1,9.7,1
1501,74,76,75,75,2,8.0,0
1502,92,40,84,62,2,10.0,0
1503,89,42,57,86,1,7.3,1
1504,91,86,85,52,2,7.2,1
1505,74,63,56,64,2,9.6,0
1506,88,66,85,41,3,9.8,1
1507,84,79,65,41,2,7.3,0
1508,52,75,73,55,3,7.3,0
1509,99,73,50,48,2,7.1,1
1510,86,68,74,67,2,7.3,0
1511,93,63,59,52,1,7.6,1
1512,93,63,65,74,1,9.9,0
1513,79,81,65,80,1,9.0,0
1514,87,43,57,52,2,9.3,1
1515,83,42,78,70,1,9.3,0
1516,61,73,88,60,1,8.6,1
1517,68,88,77,71,3,9.4,1
1518,86,62,55,93,1,8.8,1
1519,93,62,65,73,1,7.9,1
1520,98,84,69,47,1,8.7,0
1521,66,44,65,80,3,8.6,1
1522,59,70,56,87,1,9.5,1
1523,98,80,90,41,2,9.9,1
1524,96,45,63,77,2,8.2,1
1525,61,76,92,71,2,9.3,1
1526,65,49,75,93,2,7.3,0
1527,73,79,75,79,3,9.3,1
1528,68,46,63,67,1,8.1,0
1529,57,78,56,76,1,7.1,0
1530,80,77,82,80,1,8.1,1
1531,70,60,75,40,1,8.8,0
1532,66,59,94,80,1,7.4,0
1533,72,42,69,49,1,9.8,0
1534,86,61,52,94,2,7.2,1
1535,65,86,53,43,2,9.8,0
1536,55,43,75,74,1,9.1,1
1537,57,67,60,49,3,8.0,0
1538,74,51,51,86,1,8.2,0
1539,67,77,63,50,1,9.2,0
1540,74,75,93,53,2,8.8,1
1541,61,86,79,77,1,9.0,0
1542,64,80,61,51,1,8.2,1
1543,75,44,75,84,2,8.5,1
1544,90,52,93,56,3,10.0,1
1545,94,62,82,55,3,7.6,1
1546,75,89,62,74,1,8.3,0
1547,96,69,63,41,3,7.9,1
1548,81,76,73,50,3,9.3,1
1549,59,64,83,80,2,9.3,1
1550,65,87,93,42,3,7.9,1
1551,56,66,75,68,2,7.2,1
1552,66,53,70,57,1,7.0,1
1553,72,87,77,59,2,8.3,0
1554,75,86,85,86,2,8.2,1
1555,70,75,89,53,2,10.0,1
1556,71,78,51,73,2,8.4,1
1557,56,55,91,88,3,7.8,0
1558,63,61,58,93,3,9.7,1
1559,64,60,72,70,3,8.5,1
1560,56,60,64,79,3,8.8,0
1561,58,47,62,81,3,7.3,1
1562,97,88,72,57,1,8.1,0
1563,57,55,66,69,1,9.8,1
1564,99,70,51,64,2,8.8,0
1565,72,81,69,58,3,8.0,0
1566,78,49,69,47,2,8.9,0
1567,67,71,52,67,3,9.7,1
1568,80,73,61,47,1,7.8,0
1569,79,48,89,70,1,8.5,1
1570,88,56,51,42,3,9.9,1
1571,84,50,85,42,1,7.5,1
1572,67,71,63,83,1,9.2,0
1573,91,49,65,61,1,8.8,1
1574,88,61,68,56,1,9.0,1
1575,66,56,83,75,3,8.1,0
1576,63,43,93,56,1,7.9,0
1577,80,87,55,53,2,9.1,0
1578,73,86,62,90,1,7.6,1
1579,84,64,85,48,3,8.3,0
1580,93,60,71,69,1,7.6,0
1581,94,76,67,60,2,7.0,1
1582,83,77,61,51,3,9.9,1
1583,52,88,79,76,1,8.3,1
1584,86,40,89,71,3,9.9,1
1585,92,64,56,50,2,7.4,0
1586,89,75,81,59,2,8.8,1
1587,75,56,68,74,1,7.6,0
1588,72,80,55,92,3,9.4,1
1589,93,63,69,86,3,9.4,1
1590,88,41,76,85,1,7.3,0
1591,64,79,92,50,1,9.7,1
1592,98,54,86,91,3,7.6,0
1593,53,71,56,47,2,8.8,0
1594,78,78,54,43,3,10.0,1
1595,71,45,60,66,2,9.6,1
1596,74,40,64,83,3,9.9,1
1597,62,86,52,79,1,8.0,1
1598,67,62,54,77,1,7.3,1
1599,82,78,72,86,2,7.6,0
1600,65,56,86,69,3,8.5,0
1601,94,73,58,83,1,9.4,0
1602,91,80,64,87,2,7.5,0
1603,93,68,52,87,2,9.0,1
1604,51,48,78,66,2,8.0,0
1605,84,52,55,60,3,8.0,0
1606,91,45,66,91,3,9.0,0
1607,83,45,75,59,1,8.4,1
1608,79,59,70,43,3,9.4,1
1609,62,42,57,50,3,7.5,0
1610,62,56,70,52,3,9.4,1
1611,67,88,60,48,2,7.2,0
1612,81,51,87,43,3,7.6,1
1613,81,87,57,51,1,9.0,0
1614,84,86,91,48,1,9.6,0
1615,88,84,73,52,3,7.8,1
1616,95,40,84,87,1,8.0,1
1617,78,56,63,65,1,8.6,0
1618,98,42,63,77,3,7.6,1
1619,78,65,59,81,3,9.4,1
1620,93,54,61,52,1,9.3,1
1621,65,75,87,78,3,7.4,0
1622,93,71,93,67,2,8.4,0
1623,96,71,83,58,2,9.3,1
1624,59,43,90,63,3,8.0,0
1625,79,57,59,58,2,8.9,0
1626,74,88,66,88,1,7.2,0
1627,88,58,66,52,1,8.8,1
1628,69,82,52,52,2,7.5,0
1629,54,74,80,67,2,9.5,1
1630,50,79,50,92,3,8.1,0
1631,79,53,61,41,3,7.8,0
1632,98,72,88,49,2,9.5,0
1633,52,53,53,61,3,7.2,0
1634,94,73,91,52,1,8.2,1
1635,63,43,62,48,1,8.1,1
1636,79,63,83,72,3,7.9,0
1637,99,68,91,53,1,9.7,0
1638,53,58,70,87,1,9.3,1
1639,67,45,71,59,2,7.2,1
1640,86,72,53,54,2,9.1,1
1641,74,88,67,71,3,8.6,1
1642,97,79,54,72,1,9.7,0
1643,50,58,68,56,1,7.9,1
1644,95,40,51,63,1,8.7,0
1645,64,44,61,69,2,8.5,0
1646,58,66,66,52,1,8.5,1
1647,64,55,59,86,2,8.4,1
1648,98,45,83,87,3,7.6,1
1649,73,79,55,55,3,9.3,0
1650,53,52,57,41,1,8.4,0
1651,61,87,60,56,2,9.9,0
1652,86,74,61,71,2,7.8,1
1653,86,58,58,82,3,9.0,0
1654,92,51,51,47,3,9.8,1
1655,55,55,57,91,1,9.0,0
1656,88,82,60,42,3,9.6,1
1657,95,49,85,51,1,9.5,1
1658,73,64,59,59,1,8.1,0
1659,60,59,70,55,1,8.8,0
1660,62,70,69,53,2,7.5,1
1661,83,43,57,55,2,8.6,1
1662,74,83,85,92,1,7.7,1
1663,56,62,78,88,2,9.2,1
1664,53,41,91,82,1,8.6,0
1665,57,61,61,88,2,8.2,1
1666,69,76,63,90,1,7.8,0
1667,78,47,70,93,1,10.0,1
1668,94,46,71,72,2,7.2,0
1669,95,53,70,69,1,7.1,1
1670,59,42,93,51,2,7.7,0
1671,92,89,79,54,1,9.9,0
1672,83,55,88,57,2,9.9,0
1673,75,58,69,67,1,9.0,1
1674,90,57,73,62,2,9.6,1
1675,98,55,72,53,3,7.6,1
1676,52,47,56,69,1,9.9,0
1677,55,72,58,72,2,7.4,1
1678,54,88,50,84,1,7.3,1
1679,54,51,75,54,2,7.3,0
1680,96,50,87,46,1,8.7,0
1681,72,44,87,54,2,9.3,0
1682,98,66,93,91,2,8.1,0
1683,58,51,71,81,3,9.9,0
1684,84,56,93,85,2,8.3,1
1685,69,45,59,77,2,7.5,0
1686,98,72,55,85,2,8.4,1
1687,91,44,66,93,3,9.0,1
1688,84,67,87,83,3,9.5,1
1689,99,53,73,50,1,8.4,1
1690,67,44,59,68,3,8.8,0
1691,66,72,57,70,2,7.8,1
1692,73,89,70,64,3,8.9,0
1693,52,87,55,91,3,10.0,1
1694,81,80,70,93,1,7.1,1
1695,84,58,88,63,3,9.7,1
1696,87,61,73,58,1,8.7,1
1697,62,44,82,41,1,7.8,0
1698,96,41,67,61,1,9.9,0
1699,74,69,77,59,3,8.5,1
1700,58,86,81,72,1,8.0,0
1701,53,78,61,47,1,7.5,1
1702,63,43,91,64,3,7.7,0
1703,86,72,76,85,1,9.5,1
1704,83,52,59,48,1,8.8,0
1705,60,59,91,73,1,9.7,1
1706,90,46,81,62,1,7.7,1
1707,52,54,91,44,2,7.4,0
1708,77,62,75,94,1,7.0,0
1709,78,53,74,64,3,8.5,0
1710,58,62,60,47,3,10.0,0
1711,52,58,72,55,1,9.1,0
1712,74,68,83,93,1,7.9,0
1713,83,59,89,87,2,9.6,1
1714,61,68,72,84,2,9.3,0
1715,91,63,78,91,1,7.0,1
1716,58,57,80,54,1,9.5,1
1717,64,49,56,40,3,7.9,0
1718,89,80,89,61,1,7.4,0
1719,74,47,82,42,1,7.7,1
1720,54,65,70,77,3,8.4,0
1721,60,68,51,93,2,8.3,1
1722,83,49,67,53,1,7.9,1
1723,73,56,82,75,2,7.5,0
1724,64,41,86,57,1,9.3,1
1725,87,45,83,86,3,10.0,0
1726,57,44,69,80,2,9.3,0
1727,54,67,84,57,3,7.9,1
1728,97,80,67,42,3,7.7,1
1729,75,44,73,49,3,7.7,1
1730,67,57,57,88,3,7.4,1
1731,55,65,79,78,2,8.7,1
1732,86,59,93,86,1,8.8,1
1733,97,80,59,40,2,9.1,0
1734,62,88,72,66,2,9.0,1
1735,77,66,60,66,3,7.9,1
1736,54,88,51,50,1,8.0,0
1737,62,51,75,88,3,9.0,1
1738,66,46,85,44,3,8.0,0
1739,99,42,82,46,3,7.6,1
1740,89,49,62,58,3,8.1,1
1741,94,73,89,68,1,7.8,1
1742,81,64,74,54,1,7.3,0
1743,78,74,53,74,1,9.5,1
1744,52,55,91,86,1,9.6,0
1745,89,41,68,76,2,7.7,1
1746,83,63,67,94,3,7.2,1
1747,89,49,86,51,3,9.2,1
1748,76,77,79,69,2,7.6,1
1749,62,61,68,59,1,8.2,1
1750,94,65,72,76,1,7.2,0
1751,82,82,65,42,1,7.7,0
1752,55,78,50,48,1,9.4,1
1753,73,66,61,80,2,9.4,0
1754,68,68,73,78,1,7.6,0
1755,65,86,83,65,1,8.0,1
1756,89,77,57,41,1,7.4,0
1757,77,59,67,62,2,7.2,0
1758,82,66,54,62,2,10.0,1
1759,97,80,75,60,2,9.0,0
1760,90,59,79,55,2,8.6,0
1761,62,83,62,48,3,9.3,0
1762,92,58,68,52,1,9.5,1
1763,94,59,78,67,2,9.4,1
1764,74,74,52,66,3,7.0,1
1765,91,86,75,90,2,7.6,0
1766,85,41,89,91,3,9.0,1
1767,76,69,61,56,1,8.1,1
1768,87,73,51,77,2,9.9,1
1769,56,61,60,75,1,9.0,1
1770,54,42,93,40,2,9.9,0
1771,92,45,77,57,1,7.6,0
1772,94,54,67,90,1,9.6,0
1773,80,66,62,48,2,8.0,0
1774,72,49,86,52,2,10.0,1
1775,91,48,71,79,1,7.5,1
1776,59,72,61,94,2,8.5,1
1777,81,71,51,84,2,9.4,0
1778,92,87,86,54,1,8.3,0
1779,79,45,56,82,2,8.4,0
1780,88,80,75,83,3,10.0,0
1781,80,75,75,85,2,8.3,0
1782,67,41,73,43,1,8.8,1
1783,85,68,61,72,1,7.2,0
1784,51,43,65,63,2,9.5,1
1785,63,40,72,75,3,8.9,0
1786,62,58,89,90,2,8.2,1
1787,78,65,58,80,1,7.0,1
1788,61,64,81,49,2,8.8,0
1789,88,49,64,75,3,7.0,1
1790,51,54,86,59,1,7.0,1
1791,81,61,62,80,3,8.8,1
1792,62,87,54,84,3,7.6,1
1793,95,60,60,83,1,7.6,0
1794,76,61,59,50,3,9.0,1
1795,98,75,62,51,1,7.2,1
1796,90,73,90,57,3,7.9,0
1797,66,69,64,69,2,7.4,0
1798,89,64,91,83,2,8.7,1
1799,80,84,56,87,2,9.0,0
1800,83,67,89,76,3,9.2,1
1801,73,40,77,59,1,7.8,1
1802,94,88,81,64,2,7.3,1
1803,84,84,84,51,1,7.2,0
1804,97,43,64,60,1,8.3,0
1805,55,46,85,64,1,9.8,0
1806,68,88,70,50,2,7.7,1
1807,79,48,55,48,1,7.8,1
1808,56,75,50,89,1,7.3,1
1809,59,58,53,64,1,8.8,1
1810,90,40,60,74,1,9.0,0
1811,81,49,93,91,2,8.9,0
1812,83,75,75,71,3,9.6,1
1813,77,48,86,88,1,8.5,0
1814,64,84,72,53,3,7.4,0
1815,79,85,78,40,3,7.9,0
1816,86,81,70,56,2,9.0,0
1817,78,71,94,64,2,8.8,0
1818,71,71,94,47,3,8.6,1
1819,53,45,76,44,1,9.0,1
1820,69,87,88,44,2,8.9,1
1821,81,77,89,80,2,9.6,1
1822,85,56,62,74,2,8.8,1
1823,99,49,72,58,3,9.3,1
1824,53,89,65,62,1,7.7,0
1825,76,66,79,48,2,9.0,1
1826,66,89,53,93,2,9.7,0
1827,61,74,89,69,1,8.2,0
1828,71,60,65,89,1,9.3,0
1829,66,64,80,55,2,9.2,1
1830,59,67,91,72,3,7.2,0
1831,50,86,74,41,2,8.7,0
1832,71,54,93,53,3,7.4,0
1833,75,43,61,85,2,9.9,1
1834,67,68,75,40,1,9.4,1
1835,99,48,86,65,1,7.3,1
1836,63,66,82,64,1,7.4,0
1837,96,65,77,55,1,8.8,0
1838,78,58,58,54,1,8.0,1
1839,61,67,61,65,3,7.1,0
1840,85,56,54,86,3,8.6,1
1841,84,82,77,83,1,8.2,1
1842,61,80,84,55,1,7.3,1
1843,56,81,54,53,1,9.4,1
1844,78,89,83,68,2,9.7,0
1845,60,59,83,63,1,9.3,0
1846,82,84,62,86,1,9.5,1
1847,55,79,88,94,3,7.6,0
1848,96,78,91,54,3,7.8,0
1849,64,88,94,58,1,7.6,0
1850,81,62,63,47,2,9.3,0
1851,60,86,60,73,1,9.8,0
1852,72,71,91,41,3,9.2,0
1853,75,86,87,66,2,9.6,1
1854,83,72,53,49,1,8.9,1
1855,95,85,82,74,3,8.2,1
1856,83,44,56,62,1,8.3,1
1857,78,82,90,88,1,7.2,0
1858,53,87,57,47,1,7.1,0
1859,66,73,86,67,2,9.1,0
1860,84,79,59,62,1,8.3,1
1861,62,50,92,43,1,8.7,1
1862,90,89,64,53,1,8.7,0
1863,88,42,87,92,1,7.8,0
1864,64,72,64,81,3,8.4,1
1865,78,50,54,68,1,8.4,1
1866,78,55,78,40,1,8.2,1
1867,60,57,68,43,2,9.5,0
1868,81,69,59,71,3,8.4,0
1869,51,87,61,72,3,8.8,1
1870,96,49,53,88,2,9.7,1
1871,63,57,80,65,1,9.6,1
1872,69,77,67,56,3,9.7,1
1873,71,58,65,78,2,7.8,1
1874,60,75,89,62,1,7.1,1
1875,76,52,85,71,3,7.8,0
1876,52,85,74,91,1,7.8,0
1877,66,42,72,54,3,9.7,1
1878,93,49,61,52,3,8.9,0
1879,77,77,83,41,2,7.2,1
1880,78,40,85,58,3,7.4,1
1881,70,66,86,63,3,7.5,1
1882,96,85,52,84,1,8.9,0
1883,65,47,58,63,2,9.2,0
1884,86,85,67,50,1,9.6,1
1885,69,81,92,61,1,9.8,1
1886,55,56,84,54,3,7.6,1
1887,68,48,83,49,1,7.9,0
1888,54,45,90,80,1,7.7,0
1889,52,82,63,66,2,8.1,1
1890,50,64,53,48,3,9.7,1
1891,87,78,78,91,1,8.7,1
1892,64,88,90,67,1,9.2,0
1893,83,67,94,40,1,8.5,0
1894,84,72,64,56,2,7.1,0
1895,98,76,77,70,1,7.2,1
1896,74,48,91,83,2,8.6,1
1897,73,57,65,49,1,9.2,0
1898,61,60,61,76,1,7.6,0
1899,67,41,54,68,3,9.2,1
1900,64,82,83,57,1,9.4,0
1901,93,77,91,86,2,8.2,1
1902,65,79,50,77,1,9.2,1
1903,76,75,88,78,2,8.2,0
1904,57,89,81,88,2,9.0,0
1905,95,82,75,45,1,9.3,1
1906,74,76,66,79,1,10.0,0
1907,66,54,76,51,1,8.0,0
1908,78,67,73,92,2,8.2,1
1909,57,57,84,53,3,7.5,1
1910,64,73,91,83,2,7.6,1
1911,76,61,88,94,2,9.1,0
1912,95,50,75,49,1,9.8,0
1913,99,52,87,93,1,8.2,0
1914,56,43,72,59,1,7.5,0
1915,52,61,71,54,1,7.9,1
1916,78,46,53,70,1,8.4,0
1917,93,82,58,46,2,7.9,1
1918,73,63,53,80,2,7.7,0
1919,52,43,56,49,3,9.2,0
1920,69,67,72,49,1,7.0,1
1921,95,54,51,87,2,8.6,0
1922,64,40,73,78,3,9.4,0
1923,74,42,89,67,2,7.8,0
1924,79,53,80,69,1,8.8,0
1925,63,77,80,76,1,9.0,0
1926,56,89,89,94,1,9.0,0
1927,66,40,92,42,1,8.3,1
1928,93,77,83,89,3,8.0,1
1929,69,77,73,82,1,9.5,1
1930,85,60,75,54,1,9.3,0
1931,58,87,65,60,3,8.0,1
1932,87,68,62,91,3,7.3,0
1933,97,44,64,76,2,7.2,1
1934,71,88,76,51,2,7.3,1
1935,51,49,53,43,1,8.7,0
1936,73,67,65,86,1,7.2,1
1937,57,60,79,48,1,8.0,1
1938,60,89,93,78,2,9.3,1
1939,62,46,79,81,3,7.9,0
1940,66,42,85,67,1,9.3,1
1941,57,84,52,62,2,9.2,1
1942,70,86,71,84,1,7.7,0
1943,67,59,71,79,2,9.2,1
1944,79,58,61,83,1,9.2,0
1945,67,74,70,61,1,8.2,0
1946,95,43,53,63,3,7.6,1
1947,96,44,80,90,2,8.6,1
1948,80,40,93,65,2,9.8,1
1949,87,43,80,69,1,8.9,1
1950,81,51,72,72,1,7.5,0
1951,60,66,69,55,1,9.0,0
1952,94,81,64,61,3,8.3,1
1953,74,62,72,88,3,8.8,0
1954,82,64,77,89,2,9.2,1
1955,87,60,65,82,1,8.5,1
1956,90,63,86,57,3,9.4,0
1957,57,64,70,46,2,9.2,0
1958,60,84,64,89,2,8.8,1
1959,71,85,66,65,1,7.5,1
1960,73,71,86,47,3,9.5,1
1961,90,71,62,45,2,9.8,1
1962,66,44,68,69,3,7.4,0
1963,61,75,79,78,3,8.5,0
1964,95,85,94,62,1,7.8,0
1965,81,81,67,71,3,9.3,0
1966,64,88,63,61,3,9.2,0
1967,65,81,85,81,1,7.4,0
1968,71,78,85,82,1,9.6,0
1969,77,55,69,84,1,7.5,0
1970,69,72,68,48,2,9.4,0
1971,82,88,94,70,1,8.4,1
1972,59,60,93,46,2,8.0,1
1973,89,48,56,48,1,7.5,0
1974,81,45,93,52,3,7.5,1
1975,99,84,53,42,1,9.0,0
1976,82,74,83,74,1,8.7,1
1977,51,78,51,72,2,7.4,0
1978,82,61,54,60,2,7.3,1
1979,82,80,59,70,1,7.2,0
1980,90,44,81,91,1,9.2,1
1981,62,81,91,73,1,9.1,0
1982,79,62,90,71,3,7.2,1
1983,82,56,62,74,3,8.7,0
1984,62,51,88,54,2,7.3,0
1985,75,62,54,71,3,9.7,1
1986,71,55,59,45,3,9.7,0
1987,88,42,59,84,1,9.1,1
1988,51,69,87,60,3,9.8,0
1989,87,61,76,72,3,9.4,0
1990,88,48,70,71,1,9.5,1
1991,75,68,57,91,1,8.7,0
1992,95,86,50,58,1,7.9,0
1993,99,76,77,72,1,7.7,1
1994,64,62,88,67,3,8.0,1
1995,83,52,63,70,2,8.9,1
1996,91,71,70,60,3,7.5,0
1997,93,85,79,93,3,7.8,1
1998,98,86,70,73,2,8.4,0
1999,89,87,58,54,2,7.7,0
2000,60,62,66,53,1,8.8,1
2001,52,84,54,58,1,9.8,0
2002,55,56,80,82,2,9.2,0
2003,58,79,89,54,1,9.0,0
2004,55,60,87,45,1,8.7,1
2005,58,41,92,91,3,8.5,1
2006,88,76,68,48,2,7.6,1
2007,80,45,85,76,1,9.7,0
2008,81,83,82,59,2,7.7,1
2009,90,57,62,73,3,7.3,1
2010,99,69,63,77,1,9.3,0
2011,61,61,82,65,1,7.5,0
2012,57,72,78,57,3,8.1,0
2013,57,69,92,67,1,7.1,0
2014,99,56,85,94,1,7.4,1
2015,77,82,93,90,2,7.5,0
2016,69,71,59,48,3,7.2,0
2017,96,81,80,71,1,9.0,1
2018,56,53,55,92,1,9.5,1
2019,60,49,50,45,1,8.1,1
2020,69,86,56,53,3,9.6,0
2021,65,75,76,67,1,7.6,0
2022,53,73,70,63,2,8.0,0
2023,55,48,77,52,3,7.5,0
2024,71,81,65,82,1,8.9,0
2025,75,67,72,51,3,8.3,1
2026,52,50,69,90,3,8.8,0
2027,90,53,87,58,3,9.3,0
2028,91,78,74,60,1,8.6,0
2029,63,86,77,66,2,8.9,1
2030,60,58,54,58,3,9.8,1
2031,67,54,70,63,3,7.9,1
2032,61,67,67,65,1,8.1,0
2033,72,63,55,84,3,9.2,0
2034,61,47,78,67,1,8.8,0
2035,62,82,68,85,1,7.5,0
2036,74,48,82,57,2,8.1,1
2037,94,86,50,83,3,8.4,1
2038,68,72,94,75,2,8.3,1
2039,95,72,52,81,2,7.5,1
2040,85,58,91,68,3,9.8,1
2041,94,42,70,56,1,9.3,0
2042,57,49,84,43,2,8.4,1
2043,78,79,90,83,1,9.0,0
2044,81,86,89,84,1,9.7,1
2045,93,81,52,68,2,7.4,0
2046,67,40,74,43,3,7.8,0
2047,55,68,94,49,2,8.6,1
2048,67,89,87,64,3,9.4,0
2049,68,73,94,70,1,7.1,0
2050,71,52,69,42,1,10.0,0
2051,86,40,93,86,2,8.4,0
2052,81,73,94,41,1,8.1,1
2053,90,68,83,64,1,7.9,1
2054,52,87,70,88,2,7.5,0
2055,77,86,72,45,1,9.4,0
2056,59,52,55,65,1,9.9,1
2057,84,87,62,47,2,8.2,0
2058,78,88,72,74,2,9.9,0
2059,64,68,58,66,3,9.5,0
2060,82,78,66,64,2,8.4,1
2061,56,63,51,57,2,9.0,0
2062,61,65,68,93,3,8.3,0
2063,98,56,68,40,3,8.7,0
2064,79,46,56,87,1,7.2,0
2065,70,52,91,78,1,9.1,1
2066,80,44,91,42,2,7.2,0
2067,73,65,69,94,2,9.5,0
2068,69,88,58,43,3,9.5,0
2069,86,42,66,80,3,7.7,0
2070,53,46,76,76,2,8.0,1
2071,77,88,51,90,3,8.4,1
2072,93,78,85,54,2,8.8,0
2073,69,40,68,47,1,7.9,0
2074,73,88,66,77,3,8.8,0
2075,99,56,54,89,1,7.9,1
2076,98,82,88,58,3,7.2,1
2077,81,64,67,86,3,7.0,0
2078,90,42,56,65,2,7.3,1
2079,85,54,66,78,2,9.4,1
2080,83,68,88,49,2,9.9,1
2081,85,82,85,77,1,8.3,0
2082,51,71,89,53,1,8.5,0
2083,64,65,94,88,2,7.4,0
2084,83,55,53,80,3,8.7,1
2085,85,64,87,58,2,7.4,1
2086,55,67,74,69,1,8.8,1
2087,88,48,54,44,2,9.8,0
2088,91,40,79,94,3,7.6,0
2089,61,68,61,70,2,9.3,0
2090,52,61,53,46,2,7.1,1
2091,94,55,73,58,3,8.1,0
2092,67,80,78,70,2,7.3,0
2093,89,83,58,91,2,8.1,1
2094,70,80,53,78,3,7.5,0
2095,64,46,73,63,1,8.1,0
2096,82,53,63,73,3,8.3,0
2097,84,68,54,62,1,7.9,1
2098,75,58,67,87,1,9.0,1
2099,57,58,91,84,3,9.8,1
2100,85,41,68,79,1,8.2,0
2101,97,80,61,45,3,7.6,1
2102,79,84,67,77,3,7.8,1
2103,72,54,66,80,3,9.6,1
2104,91,42,79,75,3,8.7,1
2105,93,50,73,66,1,8.4,0
2106,63,85,60,50,3,7.4,0
2107,63,69,84,44,1,8.3,0
2108,51,79,72,56,2,7.8,1
2109,86,57,66,91,3,9.8,1
2110,54,87,50,46,1,9.7,1
2111,87,41,64,66,2,7.3,0
2112,94,71,81,86,2,8.5,0
2113,90,47,58,54,2,7.7,0
2114,96,61,64,85,3,8.2,1
2115,63,45,77,52,1,9.6,0
2116,88,51,73,50,2,8.6,1
2117,74,86,84,84,3,8.0,0
2118,69,79,71,65,2,7.6,0
2119,51,75,76,61,1,9.4,1
2120,88,54,68,67,2,8.9,0
2121,55,67,94,63,1,8.4,0
2122,66,88,61,68,1,7.7,0
2123,74,84,69,48,3,8.0,0
2124,77,57,50,81,2,9.9,1
2125,51,41,70,43,3,8.6,1
2126,84,52,94,88,3,8.2,0
2127,86,84,50,85,2,8.6,1
2128,54,54,59,57,1,9.3,0
2129,50,59,81,82,2,8.0,1
2130,89,68,88,55,1,7.5,1
2131,61,81,71,72,3,8.8,1
2132,85,68,67,68,1,9.0,0
2133,94,42,81,78,1,9.1,0
2134,72,58,76,49,2,9.6,0
2135,96,42,77,48,1,8.1,1
2136,80,53,67,70,1,7.2,1
2137,60,79,88,67,2,9.9,0
2138,59,43,78,42,1,8.3,1
2139,52,50,67,93,1,8.9,0
2140,63,70,93,94,1,9.0,0
2141,65,82,57,53,3,8.6,0
2142,59,71,80,64,2,7.6,0
2143,78,66,83,54,2,9.3,0
2144,59,69,56,41,2,9.4,1
2145,61,82,85,63,1,8.7,0
2146,79,41,67,53,3,8.5,0
2147,90,88,87,87,1,7.3,1
2148,50,48,58,46,2,7.3,0
2149,54,67,58,75,3,8.0,1
2150,69,70,57,89,3,7.9,0
2151,57,73,84,63,1,9.9,1
2152,92,54,67,66,1,9.4,1
2153,61,87,54,76,3,9.0,0
2154,50,64,63,77,1,8.6,1
2155,69,75,77,69,3,7.5,1
2156,77,47,79,66,3,9.9,1
2157,92,48,53,78,3,8.1,0
2158,86,76,88,54,1,7.3,0
2159,96,87,69,65,3,8.5,1
2160,86,84,74,40,2,9.6,1
2161,61,78,77,43,3,9.7,0
2162,86,71,61,68,1,7.0,0
2163,98,56,51,40,1,9.7,0
2164,98,74,92,82,1,7.8,0
2165,93,76,63,89,1,7.1,0
2166,77,58,71,85,2,9.5,0
2167,96,83,80,61,3,9.6,0
2168,64,68,72,50,1,8.8,0
2169,55,46,69,49,3,8.7,1
2170,93,67,87,56,1,9.4,0
2171,69,48,53,75,1,9.4,0
2172,99,67,64,86,1,9.7,0
2173,63,45,73,65,1,8.7,1
2174,51,68,74,87,3,9.9,1
2175,58,56,50,60,1,10.0,1
2176,86,55,56,52,2,7.3,0
2177,69,62,80,48,2,9.5,1
2178,75,70,61,50,3,8.5,0
2179,78,42,91,50,1,8.2,0
2180,50,60,54,45,1,8.8,1
2181,84,65,93,40,1,7.2,1
2182,55,75,91,93,2,8.5,1
2183,86,81,87,45,1,9.6,1
2184,54,76,61,52,3,7.6,1
2185,82,61,88,61,2,8.3,0
2186,98,81,67,70,2,9.8,0
2187,63,51,51,61,2,8.3,0
2188,61,81,59,76,1,8.1,1
2189,91,52,64,86,2,8.3,0
2190,69,50,79,66,3,8.6,1
2191,99,55,93,89,3,8.9,0
2192,73,47,66,91,3,9.4,0
2193,92,79,53,53,3,8.4,0
2194,83,79,56,86,1,9.5,0
2195,74,84,90,44,1,8.6,1
2196,99,41,80,75,1,8.0,0
2197,78,69,88,71,1,9.0,0
2198,88,69,83,73,1,9.2,0
2199,80,51,55,46,2,8.7,0
2200,96,49,87,81,2,7.2,0
2201,92,83,94,87,3,7.5,0
2202,99,50,83,49,3,7.9,1
2203,72,54,93,89,3,7.8,0
2204,93,55,64,56,1,9.0,0
2205,87,56,63,69,1,7.1,1
2206,69,65,55,60,2,9.3,0
2207,72,41,86,52,1,7.8,0
2208,94,89,81,40,1,7.9,1
2209,65,51,52,40,1,8.6,0
2210,99,65,52,86,1,7.6,1
2211,91,62,71,72,2,9.7,0
2212,57,57,71,77,2,7.3,1
2213,99,71,59,64,2,8.3,1
2214,70,88,52,65,2,9.5,0
2215,50,77,61,52,1,8.8,0
2216,57,86,78,67,1,7.9,0
2217,78,42,66,72,1,8.3,0
2218,81,77,56,76,1,9.1,1
2219,87,42,62,80,3,9.9,1
2220,54,69,51,69,3,9.7,0
2221,96,40,53,88,2,8.0,1
2222,71,69,59,87,1,10.0,0
2223,96,84,88,47,2,7.0,1
2224,83,71,73,88,2,7.1,1
2225,50,67,66,86,2,9.5,1
2226,75,60,55,40,2,7.6,0
2227,92,85,68,51,2,7.2,1
2228,59,52,54,44,2,7.7,0
2229,79,66,81,63,3,8.3,1
2230,99,75,59,45,1,9.2,0
2231,67,46,58,64,3,8.9,0
2232,66,61,76,40,1,7.7,1
2233,75,49,62,64,1,8.5,1
2234,57,78,68,40,3,9.8,0
2235,96,54,70,71,3,9.4,1
2236,89,54,73,81,1,8.0,1
2237,98,43,87,81,2,9.9,1
2238,61,71,53,42,1,9.1,1
2239,76,62,73,88,2,7.2,0
2240,57,45,84,58,3,7.1,1
2241,74,63,52,82,3,7.5,0
2242,95,59,53,68,2,9.2,0
2243,53,76,86,89,1,7.6,1
2244,82,59,89,41,2,8.5,1
2245,50,51,84,48,1,7.3,1
2246,68,72,80,56,3,9.8,1
2247,80,67,93,85,3,8.0,1
2248,65,47,74,75,2,9.7,0
2249,63,40,89,56,1,9.8,1
2250,97,76,62,88,1,7.0,0
2251,54,61,53,51,1,8.4,1
2252,90,45,63,59,3,7.1,1
2253,75,60,62,89,2,9.7,1
2254,77,71,76,42,1,8.6,0
2255,51,74,55,82,2,7.2,1
2256,99,54,66,89,3,7.3,1
2257,55,44,85,43,1,8.2,1
2258,58,85,89,56,3,9.8,0
2259,82,89,84,89,3,9.1,1
2260,90,87,66,76,3,9.6,1
2261,74,45,90,85,1,8.1,1
2262,97,64,51,81,1,7.1,1
2263,62,85,62,54,1,9.9,0
2264,58,79,51,72,1,7.1,0
2265,62,68,77,55,1,9.8,0
2266,80,46,92,50,2,8.1,0
2267,90,79,75,94,2,7.0,1
2268,60,52,71,59,3,9.1,0
2269,53,77,92,77,1,9.9,0
2270,83,57,52,63,2,9.9,0
2271,87,41,84,93,3,7.5,1
2272,95,47,61,55,3,7.5,0
2273,53,50,73,69,3,8.7,0
2274,87,72,54,73,3,8.9,0
2275,68,77,69,40,3,9.2,0
2276,55,87,88,63,1,7.5,1
2277,83,66,88,63,2,9.9,0
2278,67,59,62,48,1,8.9,1
2279,62,51,90,61,1,9.5,1
2280,90,82,94,51,1,8.6,1
2281,72,70,61,56,1,8.2,1
2282,68,66,62,64,1,9.9,1
2283,94,71,59,67,1,8.7,0
2284,60,49,82,54,1,9.6,1
2285,50,42,89,69,3,9.9,0
2286,73,84,65,90,1,9.0,0
2287,56,66,94,66,3,8.6,1
2288,74,74,84,61,1,7.0,1
2289,70,70,52,49,3,7.1,1
2290,64,54,54,70,3,7.6,1
2291,50,55,75,66,2,7.6,0
2292,61,52,60,51,2,7.8,1
2293,56,88,56,85,1,7.9,0
2294,64,74,59,70,3,8.1,0
2295,70,50,91,71,3,8.3,1
2296,68,60,83,71,3,7.3,0
2297,78,50,52,80,2,7.1,1
2298,74,69,57,84,1,9.0,1
2299,82,87,80,74,3,8.6,0
2300,98,74,60,92,1,8.3,1
2301,81,61,94,85,2,8.9,1
2302,98,77,56,60,1,9.5,0
2303,84,70,94,49,3,8.3,0
2304,93,53,51,55,1,8.9,1
2305,87,63,55,46,1,9.9,0
2306,75,89,90,43,2,9.5,1
2307,60,88,81,66,3,8.3,0
2308,84,71,69,91,2,8.9,1
2309,57,75,83,94,1,7.5,1
2310,95,71,65,64,1,8.7,0
2311,63,54,74,70,3,9.9,1
2312,59,82,61,50,3,8.6,1
2313,51,74,56,87,3,9.8,1
2314,95,42,88,59,2,8.2,1
2315,58,55,66,75,3,10.0,1
2316,52,44,94,93,2,8.7,1
2317,70,60,60,93,2,7.1,1
2318,75,49,55,94,2,8.8,1
2319,57,58,72,56,2,7.8,0
2320,97,64,76,84,3,7.1,1
2321,51,43,55,50,2,9.5,0
2322,55,68,87,69,1,7.8,0
2323,77,58,51,74,1,9.4,0
2324,78,82,71,80,1,7.9,0
2325,75,41,69,77,2,7.6,0
2326,74,49,74,61,1,9.9,0
2327,61,82,64,92,1,8.1,0
2328,54,64,78,82,2,8.8,1
2329,83,59,57,87,2,8.8,0
2330,97,87,86,90,3,8.7,0
2331,86,58,82,66,2,9.7,0
2332,64,62,71,76,3,9.0,0
2333,93,63,54,85,3,8.2,0
2334,85,50,88,88,3,9.6,1
2335,64,85,67,74,2,7.5,1
2336,92,73,87,43,1,8.6,1
2337,97,67,86,55,3,9.9,1
2338,72,44,79,55,1,8.9,0
2339,55,44,80,60,1,9.5,0
2340,95,60,59,65,2,9.0,0
2341,99,51,64,75,1,9.5,1
2342,93,89,91,58,3,9.8,0
2343,92,43,93,56,2,7.8,1
2344,94,88,67,84,2,7.5,0
2345,70,81,72,65,2,8.5,0
2346,72,59,82,61,2,9.1,1
2347,92,77,65,94,1,7.7,1
2348,65,64,87,67,2,7.0,1
2349,96,53,84,40,3,8.0,1
2350,64,50,83,83,2,9.9,1
2351,74,71,77,75,3,9.1,1
2352,85,50,51,82,1,8.2,1
2353,60,57,79,76,1,7.6,0
2354,64,66,62,41,1,8.1,1
2355,53,57,90,56,1,7.5,1
2356,70,62,65,79,3,7.3,0
2357,62,50,54,77,3,9.7,1
2358,71,60,77,60,1,10.0,1
2359,68,83,88,48,2,7.5,0
2360,83,44,94,52,3,7.2,0
2361,63,62,69,50,1,8.0,0
2362,53,80,73,55,1,8.4,1
2363,97,64,76,55,3,7.6,1
2364,95,80,79,41,2,7.9,0
2365,76,49,94,81,3,7.6,1
2366,78,61,76,83,1,9.3,0
2367,96,58,75,47,3,9.1,1
2368,77,40,56,82,1,8.9,0
2369,84,46,91,81,1,8.2,0
2370,57,43,87,52,2,9.7,1
2371,65,40,54,56,1,9.9,0
2372,91,54,72,78,1,7.5,0
2373,85,79,77,63,1,7.7,0
2374,79,51,83,42,1,8.6,0
2375,67,61,64,69,3,7.3,0
2376,51,61,81,91,2,8.3,1
2377,98,89,75,52,1,8.7,1
2378,62,86,80,58,1,8.6,1
2379,53,56,68,46,1,8.0,1
2380,75,68,58,48,2,8.6,0
2381,74,85,78,58,1,9.9,0
2382,79,53,88,84,3,7.6,0
2383,60,89,53,93,1,9.0,1
2384,56,59,52,79,1,7.1,1
2385,80,89,78,61,3,7.2,0
2386,93,87,60,57,3,8.7,0
2387,59,72,82,62,1,7.3,1
2388,88,82,87,41,3,7.1,1
2389,62,54,60,89,2,7.5,1
2390,80,51,76,89,3,8.7,0
2391,56,79,82,50,2,9.1,1
2392,98,59,70,70,2,7.6,0
2393,91,69,88,72,3,9.0,1
2394,91,77,80,53,1,7.5,1
2395,85,42,87,55,2,8.8,1
2396,69,67,51,50,2,8.2,0
2397,53,65,76,72,1,9.0,0
2398,56,69,85,46,1,10.0,0
2399,50,52,60,70,1,9.8,0
2400,93,52,67,87,2,7.0,1
2401,94,41,50,85,2,9.7,1
2402,91,76,84,86,2,7.2,0
2403,96,88,84,53,1,9.9,0
2404,62,77,80,67,2,7.8,0
2405,71,41,77,92,3,8.1,1
2406,70,75,88,82,1,7.3,1
2407,71,65,50,55,2,7.3,0
2408,77,50,74,58,3,9.2,0
2409,58,47,92,56,3,9.8,1
2410,75,83,87,65,2,8.8,1
2411,58,79,69,45,3,9.1,0
2412,64,82,52,82,1,9.3,1
2413,59,61,51,88,3,7.8,1
2414,73,59,67,48,1,7.1,1
2415,91,47,93,89,1,7.0,1
2416,57,68,59,56,1,8.1,0
2417,73,79,54,70,3,7.7,1
2418,65,65,58,51,2,7.2,0
2419,98,69,51,62,1,7.5,0
2420,75,56,83,93,1,7.4,0
2421,76,59,87,93,3,9.7,0
2422,86,55,80,44,3,7.4,0
2423,53,85,59,82,2,8.6,1
2424,99,82,61,75,2,8.8,1
2425,73,46,85,75,2,8.6,1
2426,68,55,70,42,1,7.3,0
2427,85,84,55,63,3,8.0,0
2428,88,86,52,94,1,7.2,1
2429,59,87,59,56,2,8.2,0
2430,74,66,54,78,1,7.6,1
2431,67,62,75,65,2,8.7,0
2432,68,63,70,43,2,9.1,1
2433,85,48,94,94,2,8.6,0
2434,59,74,75,84,1,8.3,1
2435,82,59,87,51,2,8.2,1
2436,99,76,93,40,1,9.5,1
2437,54,81,75,60,1,7.7,1
2438,96,56,57,58,1,9.2,0
2439,98,86,54,60,3,9.3,1
2440,84,70,64,91,2,8.3,0
2441,93,47,65,57,2,7.9,1
2442,83,54,50,82,3,8.4,0
2443,82,70,65,91,2,7.3,1
2444,70,69,86,42,2,7.1,1
2445,66,85,52,88,1,7.3,0
2446,71,59,80,83,1,7.6,0
2447,97,78,62,71,2,8.5,0
2448,86,51,65,49,2,9.5,1
2449,64,88,92,79,3,7.7,0
2450,84,56,70,54,3,9.8,1
2451,77,81,51,44,1,9.9,1
2452,56,69,76,43,1,9.9,1
2453,81,68,87,67,2,9.5,1
2454,60,58,75,92,1,8.1,0
2455,59,85,87,91,1,7.2,1
2456,58,50,74,90,3,8.7,1
2457,63,73,60,92,1,8.7,1
2458,62,89,57,43,3,9.5,1
2459,74,46,57,54,3,10.0,1
2460,51,83,82,56,3,8.5,0
2461,84,73,56,83,1,8.0,1
2462,56,59,87,42,1,7.6,1
2463,70,89,70,49,2,7.0,1
2464,67,77,57,86,1,8.5,1
2465,52,63,70,81,1,8.7,0
2466,91,49,69,62,1,9.5,1
2467,88,71,57,57,1,8.5,1
2468,90,54,80,40,1,9.7,0
2469,98,76,78,74,3,8.9,1
2470,60,59,58,92,1,9.5,0
2471,88,42,64,70,1,7.4,1
2472,73,76,79,83,2,9.6,0
2473,95,79,75,40,3,9.0,1
2474,68,47,59,42,1,7.5,0
2475,53,79,78,42,1,7.6,0
2476,75,83,65,76,2,9.8,0
2477,87,62,85,58,3,7.1,0
2478,91,79,69,68,3,8.4,1
2479,81,50,94,64,2,7.9,0
2480,88,85,86,72,1,9.0,1
2481,94,47,71,75,2,9.5,1
2482,95,68,56,68,1,8.1,1
2483,85,69,72,65,2,8.3,1
2484,89,49,90,43,3,9.9,0
2485,86,78,89,88,3,9.4,0
2486,82,67,78,53,1,9.7,1
2487,85,88,65,89,1,8.3,0
2488,52,75,87,66,2,7.7,1
2489,58,52,77,72,3,8.2,0
2490,57,71,87,61,3,9.1,1
2491,82,75,80,87,1,7.3,0
2492,55,76,63,42,1,7.8,1
2493,90,65,82,62,2,7.1,0
2494,88,61,58,60,1,8.3,0
2495,53,43,76,80,3,9.5,1
2496,62,70,73,62,2,7.1,0
2497,98,57,62,43,3,9.0,1
2498,51,77,75,60,2,9.8,1
2499,54,63,78,76,3,7.7,0
2500,93,62,92,82,1,9.1,1
2501,76,61,77,70,3,9.9,0
2502,81,41,77,60,1,9.9,1
2503,70,70,57,65,2,7.7,1
2504,57,50,72,80,1,7.3,1
2505,87,67,78,74,2,7.4,0
2506,57,85,54,77,1,9.1,0
2507,99,71,91,63,1,9.2,1
2508,52,44,56,50,3,9.0,0
2509,93,77,91,80,1,8.0,0
2510,52,49,85,68,3,7.5,1
2511,71,79,90,86,3,8.7,1
2512,55,85,76,94,1,8.5,0
2513,51,63,51,42,2,9.2,0
2514,72,74,74,40,1,8.3,0
2515,93,83,58,91,1,8.0,0
2516,51,87,76,93,2,7.9,0
2517,87,62,50,58,3,7.6,0
2518,66,56,72,85,1,7.8,1
2519,84,40,59,88,2,7.3,1
2520,83,70,91,61,2,8.0,0
2521,72,70,74,53,3,7.1,0
2522,79,81,52,88,1,7.6,1
2523,57,81,55,53,2,9.2,0
2524,71,73,55,83,2,8.0,1
2525,93,48,51,55,2,9.0,1
2526,85,61,67,72,3,9.2,1
2527,54,52,72,52,3,8.7,0
2528,62,64,51,77,1,9.9,1
2529,78,87,61,88,2,7.1,1
2530,80,57,71,51,1,9.2,1
2531,96,51,86,94,1,9.9,1
2532,65,79,69,90,2,9.6,0
2533,91,56,88,77,1,7.5,0
2534,79,54,73,78,2,8.0,1
2535,65,81,69,72,3,7.5,1
2536,61,54,50,72,1,8.8,1
2537,66,54,50,68,3,9.1,1
2538,65,78,66,44,2,8.0,0
2539,61,52,50,45,2,8.6,0
2540,57,56,94,70,3,9.1,1
2541,69,71,79,55,1,8.3,0
2542,52,48,90,70,2,9.6,1
2543,65,79,52,64,2,9.3,0
2544,79,59,60,87,1,7.2,1
2545,94,65,73,85,3,8.9,1
2546,72,66,71,72,3,7.7,0
2547,77,60,93,52,1,8.7,0
2548,89,57,94,91,1,9.9,1
2549,54,52,75,49,2,9.6,1
2550,69,55,62,63,1,8.2,1
2551,89,48,50,49,2,7.9,0
2552,93,51,73,80,1,7.7,0
2553,50,83,59,70,2,8.6,0
2554,79,77,84,52,1,7.3,0
2555,70,58,73,42,1,8.6,1
2556,69,46,77,89,2,7.0,1
2557,55,74,85,91,2,8.0,0
2558,71,87,65,73,3,7.7,0
2559,67,57,89,88,3,9.9,0
2560,57,55,65,67,1,9.2,1
2561,88,78,66,58,1,8.0,1
2562,81,43,64,62,3,7.3,1
2563,82,64,65,84,3,8.6,0
2564,65,71,64,71,3,7.6,1
2565,61,79,83,52,1,8.6,0
2566,87,52,60,72,3,9.5,0
2567,83,84,50,73,1,8.8,1
2568,63,56,64,72,3,8.9,1
2569,85,88,75,44,3,8.6,0
2570,82,76,53,42,1,9.8,0
2571,72,45,92,46,3,9.8,0
2572,99,58,54,63,1,8.5,0
2573,94,52,84,61,3,7.9,1
2574,51,65,62,84,1,8.4,1
2575,90,53,59,62,3,7.6,0
2576,70,70,60,69,1,8.9,0
2577,51,43,67,57,3,8.5,0
2578,76,78,83,71,2,7.3,1
2579,58,47,88,92,2,7.6,0
2580,50,64,90,46,1,8.4,1
2581,60,52,91,72,3,9.7,0
2582,52,71,72,44,1,8.7,1
2583,72,77,56,88,2,9.0,1
2584,75,77,88,67,1,8.0,1
2585,53,67,52,47,3,8.7,1
2586,67,69,61,54,1,8.3,1
2587,55,42,56,91,1,9.0,1
2588,84,67,75,43,1,7.2,0
2589,71,42,82,73,2,8.5,0
2590,92,84,86,44,1,7.9,0
2591,64,73,64,72,2,8.0,1
2592,71,55,51,44,3,9.9,1
2593,86,61,90,77,3,7.5,0
2594,91,71,56,73,2,7.9,1
2595,61,77,81,65,1,8.5,1
2596,96,47,53,40,2,9.6,1
2597,98,47,69,43,1,8.3,1
2598,91,45,85,78,3,9.2,1
2599,87,53,81,93,1,9.6,0
2600,67,71,77,65,2,7.9,0
2601,94,74,62,72,1,8.2,1
2602,84,49,50,72,3,8.1,0
2603,79,42,84,47,1,9.5,0
2604,73,51,79,59,2,7.1,1
2605,91,88,85,55,1,7.9,1
2606,79,70,74,60,3,9.0,1
2607,63,68,65,84,3,8.7,0
2608,55,44,68,94,2,8.3,1
2609,52,64,50,65,2,8.6,0
2610,65,80,54,62,3,7.6,0
2611,56,70,71,57,2,8.3,1
2612,63,60,73,70,2,8.5,0
2613,58,59,92,91,2,9.7,0
2614,64,78,94,81,2,7.8,1
2615,70,61,86,51,1,9.6,0
2616,84,43,85,40,3,8.9,1
2617,51,52,85,81,2,7.1,1
2618,76,84,53,48,1,9.2,1
2619,51,81,85,42,3,7.1,0
2620,84,89,67,90,1,10.0,1
2621,67,88,65,65,1,9.6,0
2622,63,59,90,48,2,7.9,1
2623,69,52,67,81,3,7.8,0
2624,67,56,71,90,3,8.1,0
2625,59,75,51,55,3,8.1,1
2626,74,72,70,63,3,8.1,0
2627,51,40,85,89,1,8.0,0
2628,74,54,93,53,1,8.9,0
2629,82,52,88,42,3,7.5,1
2630,85,56,88,73,1,9.5,0
2631,80,63,78,72,2,9.4,0
2632,63,47,75,89,2,8.4,0
2633,50,89,70,63,1,9.6,1
2634,95,66,66,48,3,7.7,1
2635,65,84,65,52,2,7.1,0
2636,95,62,80,41,2,8.9,0
2637,52,85,58,46,3,8.4,0
2638,84,47,80,87,2,8.7,0
2639,90,47,63,60,1,9.7,0
2640,55,65,86,58,2,9.9,0
2641,74,86,51,64,3,8.9,1
2642,62,52,63,86,3,9.3,1
2643,83,78,82,61,3,7.3,0
2644,57,76,84,50,3,7.5,1
2645,70,88,88,72,1,9.2,1
2646,83,67,69,71,3,8.3,1
2647,53,64,51,60,3,8.3,1
2648,74,55,90,78,1,7.9,0
2649,64,41,68,59,1,8.8,0
2650,53,57,86,47,3,7.6,1
2651,94,56,67,81,3,8.9,0
2652,61,69,65,76,3,7.5,0
2653,81,78,53,48,3,7.2,0
2654,81,52,61,64,2,8.0,0
2655,77,71,78,64,2,7.7,1
2656,62,89,56,72,2,9.7,0
2657,80,68,63,41,1,7.2,0
2658,63,85,61,58,3,7.5,0
2659,69,69,84,85,2,8.6,0
2660,67,57,54,59,2,8.4,1
2661,78,52,66,81,2,7.1,0
2662,55,82,91,80,2,7.0,1
2663,81,60,81,81,1,10.0,1
2664,78,69,59,68,1,9.0,1
2665,92,60,92,45,1,8.1,0
2666,51,87,66,56,1,8.4,0
2667,72,56,54,64,3,7.8,1
2668,68,79,94,77,1,8.0,1
2669,80,58,91,43,1,8.9,0
2670,54,54,58,69,2,9.6,0
2671,68,48,82,59,2,7.6,0
2672,83,49,85,42,1,9.5,1
2673,59,83,85,62,3,7.4,0
2674,74,70,67,90,3,7.6,1
2675,51,62,58,57,1,7.1,1
2676,60,69,78,65,1,7.4,1
2677,99,72,63,75,3,9.8,1
2678,80,48,74,47,3,8.4,0
2679,64,86,64,56,2,7.2,1
2680,58,40,55,70,1,9.9,1
2681,72,83,91,76,2,9.6,1
2682,68,74,78,84,2,9.3,0
2683,58,50,64,72,1,9.8,1
2684,84,73,78,66,2,7.7,0
2685,70,55,53,84,2,9.5,0
2686,58,48,67,43,1,9.1,1
2687,77,71,93,61,3,9.6,1
2688,95,54,88,65,3,9.4,1
2689,56,51,65,71,1,8.0,0
2690,65,72,60,63,3,9.3,1
2691,65,84,63,85,1,7.8,0
2692,82,53,52,74,3,8.0,1
2693,53,47,91,76,1,7.3,0
2694,53,47,87,71,1,9.8,1
2695,88,66,94,46,2,7.9,1
2696,89,51,91,72,2,8.6,0
2697,66,40,67,70,3,8.2,0
2698,86,82,69,94,1,9.9,1
2699,88,79,74,51,1,8.0,1
2700,78,81,87,50,2,9.3,1
2701,85,50,62,63,2,9.6,1
2702,87,78,53,47,1,8.3,0
2703,88,82,63,71,2,8.1,0
2704,99,70,82,77,3,9.2,0
2705,86,56,77,61,3,9.7,0
2706,84,72,86,73,3,9.3,1
2707,56,71,57,58,1,7.7,0
2708,76,68,93,91,3,9.7,1
2709,77,60,83,59,1,8.2,1
2710,71,60,93,53,2,8.7,1
2711,63,79,54,72,2,9.5,1
2712,56,62,54,49,3,7.6,0
2713,86,45,80,55,3,9.4,1
2714,71,61,94,43,3,8.8,0
2715,54,89,58,66,3,9.7,0
2716,51,77,91,67,3,7.5,1
2717,76,76,81,82,3,8.3,0
2718,70,84,82,55,2,9.5,1
2719,87,47,52,91,1,7.1,1
2720,64,80,79,72,1,7.3,1
2721,70,88,61,87,1,10.0,0
2722,59,74,78,58,2,7.8,1
2723,72,50,52,60,2,9.9,0
2724,88,63,75,61,2,7.5,1
2725,54,88,79,48,3,8.1,0
2726,50,60,58,48,3,9.3,1
2727,62,41,75,48,1,9.0,0
2728,70,79,51,66,1,8.7,0
2729,75,58,52,56,2,8.6,0
2730,99,78,53,83,1,9.5,0
2731,94,67,74,84,3,7.7,1
2732,70,56,62,47,2,8.3,0
2733,67,45,88,55,2,7.5,0
2734,86,58,93,57,3,8.8,1
2735,94,77,84,72,3,7.8,0
2736,81,67,72,40,1,8.0,0
2737,85,41,58,51,3,8.4,1
2738,66,77,51,45,2,7.1,0
2739,84,76,90,80,1,7.3,0
2740,98,43,93,94,1,9.1,0
2741,60,61,80,44,2,8.3,0
2742,70,65,93,55,1,9.6,1
2743,75,88,51,57,1,9.1,0
2744,53,82,81,88,2,7.0,1
2745,83,75,67,57,3,8.9,0
2746,97,52,62,40,1,7.3,0
2747,67,71,54,58,1,9.3,0
2748,89,56,91,93,3,10.0,1
2749,84,80,93,47,1,8.6,1
2750,90,75,59,42,3,9.0,1
2751,78,85,92,64,2,7.7,1
2752,78,58,74,44,1,8.3,0
2753,87,74,83,94,1,9.6,0
2754,91,85,86,79,1,7.5,0
2755,70,79,79,58,1,7.8,0
2756,91,67,56,57,1,8.3,0
2757,62,40,55,89,2,9.1,0
2758,98,81,52,92,1,8.1,0
2759,90,57,62,70,2,9.8,0
2760,66,87,52,72,2,7.3,0
2761,58,79,75,86,1,8.1,0
2762,90,72,73,57,1,9.1,1
2763,50,51,55,78,1,7.7,0
2764,51,47,92,55,1,9.0,1
2765,97,63,91,55,3,7.5,1
2766,78,55,61,86,1,7.2,0
2767,82,89,85,77,3,7.4,0
2768,59,43,51,80,2,9.8,0
2769,99,77,60,46,2,8.7,1
2770,89,83,88,53,2,9.4,0
2771,70,66,83,82,3,8.0,0
2772,77,48,75,92,1,8.8,0
2773,60,86,67,87,1,8.5,1
2774,83,55,70,64,2,9.8,0
2775,57,51,85,71,1,9.2,1
2776,71,70,89,77,2,9.2,0
2777,57,63,93,61,2,7.1,1
2778,98,53,71,55,2,8.6,1
2779,64,84,79,91,2,8.4,0
2780,66,64,92,68,2,9.8,1
2781,72,73,79,55,3,7.8,1
2782,73,42,57,51,3,7.8,0
2783,94,63,83,56,2,8.2,0
2784,68,81,58,76,2,7.7,1
2785,54,48,69,66,3,7.4,1
2786,81,65,89,64,2,9.6,1
2787,93,59,74,52,2,8.7,1
2788,50,79,68,47,3,9.6,1
2789,72,49,54,44,2,9.5,0
2790,86,58,60,51,1,7.8,1
2791,57,42,64,80,3,8.6,0
2792,62,63,57,42,1,7.2,1
2793,57,44,68,74,3,9.7,1
2794,72,42,72,72,3,8.2,1
2795,92,66,76,61,3,8.2,0
2796,50,55,89,89,1,7.9,0
2797,94,88,81,83,2,8.4,0
2798,73,54,75,48,2,7.8,1
2799,84,74,76,80,1,8.1,1
2800,73,51,68,57,1,9.4,0
2801,66,80,91,89,2,9.5,1
2802,54,83,78,68,2,7.9,1
2803,69,65,88,78,1,8.4,0
2804,70,86,90,66,2,9.6,0
2805,89,73,82,75,3,7.2,1
2806,80,62,68,84,3,9.7,1
2807,95,70,86,56,3,7.7,1
2808,85,89,68,73,2,9.0,1
2809,60,59,82,85,3,8.7,1
2810,64,51,65,42,3,8.7,0
2811,68,62,72,44,1,9.6,0
2812,56,43,56,53,1,7.3,0
2813,77,62,75,42,2,8.0,0
2814,92,87,81,62,2,8.6,0
2815,54,87,61,78,2,9.4,0
2816,54,40,57,69,2,7.6,1
2817,79,64,54,89,3,9.4,1
2818,81,41,91,84,2,8.2,0
2819,57,69,77,62,1,7.6,1
2820,59,42,54,66,3,9.3,1
2821,87,60,75,93,1,7.3,1
2822,96,64,54,49,3,8.5,1
2823,81,59,71,64,1,7.2,0
2824,97,88,64,52,3,8.1,1
2825,77,61,62,55,1,8.8,1
2826,66,60,77,80,1,8.7,1
2827,80,72,82,73,1,8.2,1
2828,57,77,92,94,3,8.3,1
2829,89,54,72,76,3,7.7,1
2830,74,85,82,61,2,8.4,1
2831,58,54,92,56,3,9.9,1
2832,51,85,67,62,2,9.6,0
2833,64,64,79,93,2,7.4,0
2834,99,60,75,75,3,7.1,0
2835,52,63,65,88,1,9.8,1
2836,98,44,62,48,1,8.6,1
2837,85,45,88,91,3,8.6,0
2838,53,88,82,41,3,9.3,1
2839,63,82,75,71,3,7.9,1
2840,90,87,50,89,3,8.4,1
2841,90,83,87,92,1,9.9,0
2842,74,86,51,61,3,9.0,1
2843,99,62,55,82,2,7.5,1
2844,59,43,87,52,3,7.4,1
2845,70,66,91,47,2,7.6,1
2846,85,57,73,40,2,9.3,1
2847,61,60,67,56,2,7.9,0
2848,76,67,76,51,1,7.1,1
2849,89,74,90,43,1,9.8,0
2850,51,61,57,92,3,7.5,0
2851,62,79,77,52,3,7.0,0
2852,81,62,59,70,1,7.7,0
2853,80,42,66,80,3,7.7,0
2854,65,79,78,46,2,8.3,1
2855,81,89,55,62,2,9.8,1
2856,81,49,63,63,1,9.6,0
2857,83,64,71,44,3,8.4,1
2858,60,88,55,44,3,8.2,0
2859,59,47,75,56,2,8.7,0
2860,64,50,88,69,2,7.7,1
2861,66,44,61,48,1,7.2,1
2862,89,84,84,45,2,9.8,1
2863,67,76,63,64,1,7.6,0
2864,58,84,71,58,1,7.6,1
2865,74,77,72,55,2,8.4,1
2866,89,68,56,60,3,8.5,1
2867,63,44,89,41,2,7.1,0
2868,74,48,74,49,1,7.4,1
2869,99,87,62,55,2,8.1,1
2870,71,41,70,76,3,9.1,1
2871,79,40,90,54,3,7.7,0
2872,69,79,59,52,3,8.3,1
2873,70,69,58,52,2,8.7,0
2874,93,50,64,71,3,9.7,1
2875,81,67,51,84,1,8.0,0
2876,95,83,74,86,1,7.4,0
2877,98,51,62,85,1,8.5,1
2878,70,78,83,47,2,9.2,0
2879,84,65,83,82,3,7.3,0
2880,81,52,84,57,3,8.3,0
2881,79,47,87,75,1,7.1,0
2882,88,67,52,65,1,7.1,1
2883,98,69,91,49,1,8.4,1
2884,61,48,55,70,1,7.9,1
2885,90,78,68,72,2,9.5,0
2886,96,70,52,68,3,8.8,1
2887,67,60,67,44,3,8.4,0
2888,70,86,88,52,2,8.2,1
2889,62,73,58,40,3,8.5,0
2890,70,70,61,62,2,7.1,1
2891,57,64,54,79,1,9.7,1
2892,95,51,52,42,2,10.0,0
2893,89,40,60,42,2,7.5,0
2894,95,61,79,46,3,7.4,1
2895,56,79,53,75,1,7.4,0
2896,72,76,54,74,1,9.0,0
2897,93,86,50,54,1,9.0,0
2898,81,40,76,79,3,9.5,1
2899,60,40,77,42,2,9.3,1
2900,71,81,78,68,3,8.3,0
2901,71,81,67,69,3,8.8,0
2902,92,60,61,78,1,9.1,1
2903,74,54,62,57,2,8.5,1
2904,71,56,90,50,3,8.4,0
2905,77,61,51,82,2,8.9,1
2906,78,77,86,88,3,8.7,0
2907,62,74,94,77,1,8.9,0
2908,67,84,65,79,1,8.8,1
2909,51,55,73,40,3,9.2,1
2910,78,47,84,68,3,8.9,0
2911,70,86,71,49,3,8.6,0
2912,64,56,85,67,2,9.0,0
2913,76,56,60,70,3,8.3,0
2914,99,65,78,58,3,7.7,0
2915,80,52,84,42,3,7.0,0
2916,64,56,64,75,2,8.7,1
2917,72,77,80,82,1,8.8,1
2918,73,56,91,54,3,9.9,1
2919,93,87,90,72,2,8.1,1
2920,62,53,92,80,2,8.2,0
2921,71,84,65,82,2,7.6,0
2922,92,45,59,90,2,7.2,0
2923,86,74,81,84,2,9.3,1
2924,82,85,51,65,1,7.7,0
2925,52,53,73,55,3,8.8,1
2926,68,86,72,75,2,9.1,1
2927,72,47,51,72,2,8.4,0
2928,78,54,87,59,1,9.6,0
2929,79,66,80,52,1,8.3,1
2930,88,52,89,72,1,7.9,1
2931,93,88,75,44,3,9.7,1
2932,96,70,78,76,1,9.6,0
2933,74,74,52,53,3,7.5,1
2934,86,45,63,66,1,7.1,0
2935,96,44,74,62,1,7.3,1
2936,57,61,50,53,1,7.9,1
2937,91,88,52,79,1,9.9,1
2938,65,62,75,43,3,8.7,0
2939,57,64,67,78,3,8.1,1
2940,50,73,58,91,2,9.7,0
2941,93,65,87,58,1,8.4,0
2942,54,86,72,86,1,7.9,0
2943,52,44,70,93,2,9.8,1
2944,50,65,50,43,3,9.5,1
2945,53,59,70,69,1,9.5,0
2946,89,45,76,58,3,8.5,1
2947,84,45,91,70,2,9.4,0
2948,81,89,55,70,1,7.5,0
2949,91,57,93,48,2,8.7,0
2950,83,43,85,92,1,10.0,1
2951,92,56,77,52,3,7.9,1
2952,74,53,94,53,1,9.4,0
2953,59,53,66,94,3,8.5,1
2954,70,52,89,85,1,7.1,0
2955,95,46,52,93,3,9.3,1
2956,88,83,61,49,1,7.5,0
2957,76,54,88,87,3,8.9,1
2958,76,58,61,70,3,7.3,1
2959,51,82,51,76,3,9.8,1
2960,90,86,71,62,2,7.9,0
2961,97,83,72,66,3,7.7,1
2962,62,74,79,45,1,7.4,0
2963,58,56,54,65,1,9.8,1
2964,85,74,58,41,2,9.1,0
2965,71,58,70,84,1,9.2,0
2966,91,59,60,52,3,8.5,1
2967,75,75,54,90,1,8.4,1
2968,61,74,84,89,2,7.3,0
2969,66,71,76,58,2,8.7,1
2970,63,87,51,40,2,7.7,1
2971,63,83,73,79,2,9.9,1
2972,83,79,80,71,1,9.4,0
2973,69,63,82,61,2,8.2,1
2974,60,56,88,87,1,7.5,0
2975,65,46,79,68,3,9.4,0
2976,80,82,86,41,3,7.4,1
2977,55,89,77,79,3,7.6,1
2978,68,40,80,77,1,7.6,1
2979,86,74,60,87,1,8.7,0
2980,53,71,72,94,1,9.4,0
2981,96,75,51,50,1,7.9,0
2982,53,52,89,56,1,7.3,0
2983,69,45,90,94,2,8.4,0
2984,59,53,76,90,1,9.2,0
2985,73,76,84,82,2,7.7,1
2986,84,87,51,47,3,7.7,1
2987,75,54,88,61,2,9.8,1
2988,86,86,86,43,1,9.9,1
2989,87,43,70,50,1,10.0,0
2990,70,79,54,47,2,9.4,0
2991,89,55,94,48,1,7.6,1
2992,88,67,70,65,2,7.6,1
2993,70,55,78,41,1,8.0,1
2994,59,43,69,55,3,8.0,0
2995,87,84,87,70,3,9.9,0
2996,95,65,69,45,2,9.4,1
2997,53,67,74,92,1,9.2,1
2998,94,71,51,60,1,7.6,1
2999,69,84,81,65,3,9.7,1
3000,66,41,75,58,2,9.5,1
